experiment_tag,time_to_reach_goal,path_length,cumulative_heading_changes,avg_distance_to_closest_person,minimum_distance_to_people,completed,minimum_distance_to_target,final_distance_to_target,robot_on_person_collision,person_on_robot_collision,time_not_moving,avg_robot_linear_speed,avg_robot_angular_speed,avg_robot_acceleration,avg_robot_jerk,avg_pedestrian_velocity,avg_closest_pedestrian_velocity
9_0,21.349774239000002,8.48818108378302,1.5480390807080653,1.3955264455785519,0.0,True,0.2363242238713568,0.0,0,3,0.0,0.3964385477733348,0.07867906341300904,0.1026191348531481,0.3361777278478684,0.868000464861934,0.7409252854108846
9_1,22.200040116000004,8.495865135466353,1.7897131988175552,1.388001188424563,0.0,True,0.274518942434319,0.274518942434319,0,3,0.5045463662727273,0.3754703045985801,0.09872097683810233,0.08433898697355137,0.23613676723261393,0.8135114865178287,0.7202859659184127
9_2,21.309958694,8.739172139850034,1.9034436619740394,2.2998287442020846,0.0,True,0.29361278731014767,0.2940195714206834,0,4,0.0,0.40313405324476703,0.10601678151615536,0.065737309128377,0.15785720728509506,1.1431194043955666,1.0778764624913384
9_3,22.050076019,8.754964465440665,2.664936384125713,1.4170521826498217,0.0,True,0.30915636613333564,0.3096474610409396,0,3,0.501138091340909,0.38896973558015635,0.13204813386178632,0.33795844414074794,0.8880363078745173,0.8137868557844817,0.7364527111295519
9_4,20.460102083,8.559616805655127,1.5957951752446444,1.5822644783739608,0.0,True,0.27723668277052005,0.2776967868962022,1,1,0.4990268800731707,0.40901090834318277,0.0828241933149825,0.4119792313763,0.9601807243831971,1.1512028624259085,1.078904096671682
