experiment_tag,time_to_reach_goal,path_length,cumulative_heading_changes,avg_distance_to_closest_person,minimum_distance_to_people,completed,minimum_distance_to_target,final_distance_to_target,robot_on_person_collision,person_on_robot_collision,time_not_moving,avg_robot_linear_speed,avg_robot_angular_speed,avg_robot_acceleration,avg_robot_jerk,avg_pedestrian_velocity,avg_closest_pedestrian_velocity
9_0,24.159548196000006,10.960626443942122,0.9213589858148694,0.516774376232015,0.0,True,0.35671493373850605,0.35671493373850605,0,4,0.0,0.4500634511187515,0.04247119996097591,0.0395773294303878,0.12360237541491399,0.8276743958180656,0.6312988487218363
9_1,23.939559010000004,11.135606919051629,2.0153027378069086,1.6530565305924956,0.0,True,0.32891647237885724,0.32891647237885724,0,2,0.0,0.4559640103281542,0.09380288599076943,0.1114401008410237,0.5987687773717226,1.0481656159764816,1.078582330550094
9_2,23.66996991,11.040458432671137,1.5868007247347489,1.7437263651133081,0.0,True,0.3527685274804157,0.3527685274804157,1,2,0.0,0.4546325667135176,0.06091539410635513,0.6089731425751332,1.983271970896065,1.1304302424965613,1.1662033294400516
9_3,24.387881702999998,11.106888164718546,1.9468615906698008,1.7204376611217038,0.0,True,0.33009259270321295,0.33009259270321295,0,2,0.0,0.4578975711696681,0.09114014585501884,0.08775011975587838,0.2461719766246385,1.093134867960905,1.1149092065663748
9_4,24.438533059999997,11.14046644829911,1.9264059672085811,1.7692007659741744,0.0,True,0.3094384332223632,0.3094384332223632,0,2,0.0,0.4568452685883421,0.09245872944380551,0.06796609616234744,0.1615859680243968,1.1240893246064319,1.1578537404028588
