experiment_tag,time_to_reach_goal,path_length,cumulative_heading_changes,avg_distance_to_closest_person,minimum_distance_to_people,completed,minimum_distance_to_target,final_distance_to_target,robot_on_person_collision,person_on_robot_collision,time_not_moving,avg_robot_linear_speed,avg_robot_angular_speed,avg_robot_acceleration,avg_robot_jerk,avg_pedestrian_velocity,avg_closest_pedestrian_velocity
6_0,30.707988379000007,14.440161549391183,0.9920448609491221,3.4215965373874138,0.0,True,0.338993829295442,0.338993829295442,0,3,0.0,0.4673197502767323,0.03165067675754118,0.3078664953595379,1.1902338917057584,1.1742935195357538,1.1991809743114767
6_1,30.946856076000007,14.424531998160559,1.295688952438573,3.2477259532952765,0.0,True,0.3782446974974383,0.3782446974974383,1,2,0.0,0.4579207680541907,0.05141250069462012,0.25518565529701803,0.9602672751400365,1.1513167474470878,1.1732182520748453
6_2,30.649851512000005,14.356596289573494,0.6259411447144494,0.2917346928231353,0.0,True,0.3483813714428173,0.3483813714428173,10,2,0.0,0.4634972498391672,0.02039161606078425,0.04632840932253252,0.16975225596139012,0.7402296241406884,0.6229589300339703
6_3,31.870020280000006,14.37980570572022,1.2253043627279285,3.222588522791617,0.0,True,0.36972242991147763,0.36972242991147763,0,4,0.5058733377777779,0.45600447228123064,0.04156888603241154,0.10655240642793198,0.37227279179790346,1.1526831934988995,1.1470348084270625
6_4,30.949829584999996,14.51733482011031,1.431799146590485,0.35130898650395787,0.0,True,0.34964190780789306,0.34964190780789306,0,2,0.0,0.4633479418760471,0.05230701565325648,0.20141151718447928,0.7519336605775986,0.8700989623930622,0.6982164388998104
