experiment_tag,time_to_reach_goal,path_length,cumulative_heading_changes,avg_distance_to_closest_person,minimum_distance_to_people,completed,minimum_distance_to_target,final_distance_to_target,robot_on_person_collision,person_on_robot_collision,time_not_moving,avg_robot_linear_speed,avg_robot_angular_speed,avg_robot_acceleration,avg_robot_jerk,avg_pedestrian_velocity,avg_closest_pedestrian_velocity
6_0,20.800277995000002,8.443436235442146,2.064016502005167,2.934898336312348,0.3415913636410901,True,0.34608246958652267,0.34666621825550503,0,0,0.0,0.3886517223190142,0.11207513029046787,0.11619753822168429,0.3577279913734021,0.8425844827892557,1.0720423291812506
6_1,20.556771020000003,8.467694388935623,2.136704258034008,1.776717929076459,0.0,True,0.37152410279896303,0.3716857332905298,3,3,0.0,0.4061774792460066,0.10204403959466794,0.19474181520037437,0.6767726034968887,1.0434466698400404,0.9848617959723711
6_2,19.707863608999997,8.456235092381261,1.9870040314874657,1.755783252773807,0.0,True,0.3311643158494437,0.33134747764683775,2,0,0.505329836128205,0.42089497531154213,0.1001069893787,0.04278560927585247,0.05552285149951994,0.923532792446599,0.8525981400537737
6_3,21.800144759,8.589582458985868,3.307600181419726,2.5391046491523515,0.0,True,0.2879209024287361,0.2884987130255293,0,3,0.0,0.38600530834010427,0.17310992685580898,0.4447398021950351,1.595050868248179,1.1058698805819571,1.0886728779651027
6_4,19.210232570000006,8.497732007333354,2.0160020580081457,1.960327949289139,0.10474469340645187,True,0.33907660175960036,0.3391790307066268,0,0,0.0,0.4343731432702312,0.12254721233125387,0.3676178747022046,1.3468739471163058,1.0436060846079651,1.0916363827409756
