experiment_tag,time_to_reach_goal,path_length,cumulative_heading_changes,avg_distance_to_closest_person,minimum_distance_to_people,completed,minimum_distance_to_target,final_distance_to_target,robot_on_person_collision,person_on_robot_collision,time_not_moving,avg_robot_linear_speed,avg_robot_angular_speed,avg_robot_acceleration,avg_robot_jerk,avg_pedestrian_velocity,avg_closest_pedestrian_velocity
3_0,23.458501373,11.021027539286097,0.8820600847651083,4.843190607200124,2.9385198309673752,True,0.2991412519264534,0.2991412519264534,0,0,0.0,0.4590186851517581,0.030463517584663508,0.15749063814506895,0.5942481451982439,0.8087507092488123,0.6013547878960762
3_1,23.250214843000002,10.944798660211438,0.8722906876572036,5.068000295543993,2.922700177496638,True,0.3669740921435066,0.3669740921435066,0,0,0.0,0.4641679257008541,0.03867542101909836,0.2358291898217934,0.6111281472195644,1.051021731032388,1.0484417192792481
3_2,23.509112659999996,10.953418597877201,0.8363272640222243,6.063125826362647,3.035479988160363,True,0.36735274404196266,0.36735274404196266,0,0,0.5001938863829787,0.45559276008185084,0.03156000887287507,0.08748036566523448,0.31136048704557445,1.1752764936551883,1.1515251867726979
3_3,23.309993685000002,10.98318962675725,0.9499874555475722,5.899600773644727,2.5961151895291046,True,0.32993130984849856,0.32993130984849856,0,0,0.0,0.4577862245488018,0.04170546167776152,0.1354006582666488,0.5020444422306226,1.1438939803990633,1.1014033364194709
3_4,23.788835429000006,10.892812721233755,0.8332446928157657,5.810911214461926,3.0251311511901045,True,0.41400470806746736,0.41400470806746736,0,0,0.49560073810416677,0.44308529255524787,0.03628649602518048,0.06072082307316175,0.11727644900170481,0.959924092231733,0.8880160492493318
