experiment_tag,time_to_reach_goal,path_length,cumulative_heading_changes,avg_distance_to_closest_person,minimum_distance_to_people,completed,minimum_distance_to_target,final_distance_to_target,robot_on_person_collision,person_on_robot_collision,time_not_moving,avg_robot_linear_speed,avg_robot_angular_speed,avg_robot_acceleration,avg_robot_jerk,avg_pedestrian_velocity,avg_closest_pedestrian_velocity
8_0,30.199145924000003,14.35788284712996,0.6259268009702139,4.107228512634935,1.2209814021881473,True,0.3677389897266485,0.3677389897266485,0,0,0.0,0.47066541067293144,0.022457620454547866,0.010417016295958731,0.022247691075104967,0.9320760761052503,0.9198218484788668
8_1,31.089013856000005,14.333372861945499,0.32963157575150026,3.06076776204726,0.09599323923714043,True,0.35208131981322627,0.35208131981322627,0,0,0.0,0.4678357475265274,0.010847251988666163,0.07728993273883482,0.2976568017543449,0.8086591364158116,0.6668027326798088
8_2,30.655785732000012,14.45268191814626,1.1975529376758454,3.240785940705094,0.3477272047224367,True,0.35796006383460777,0.35796006383460777,0,0,0.0,0.4702899411347058,0.04471560038159573,0.07502659637034126,0.24734640395519203,0.8568615765910534,0.7769048459617881
8_3,30.419978078999996,14.332063550716304,0.5165103686581602,3.875245163672204,1.3640056793043849,True,0.3282544454693126,0.3282544454693126,0,0,0.49868816522950815,0.4608437988995815,0.022515382942527758,0.007704100604888657,0.01893711717678931,0.9465030614046142,1.018974010334186
8_4,30.229735089000002,14.33999393841269,0.46713739602133497,3.7810811652792777,1.3036311588930416,True,0.33534302580312464,0.33534302580312464,0,0,0.0,0.47152782414344085,0.018352356996941783,0.21385270268194503,0.4228877336161942,0.9480910682997479,1.0414840184091405
