experiment_tag,time_to_reach_goal,path_length,cumulative_heading_changes,avg_distance_to_closest_person,minimum_distance_to_people,completed,minimum_distance_to_target,final_distance_to_target,robot_on_person_collision,person_on_robot_collision,time_not_moving,avg_robot_linear_speed,avg_robot_angular_speed,avg_robot_acceleration,avg_robot_jerk,avg_pedestrian_velocity,avg_closest_pedestrian_velocity
7_0,21.151238574,8.862492549051659,2.4334660657044322,4.212686332163485,0.0,True,0.2951721447561278,0.29551900519015495,0,2,0.5036009184285715,0.4143350295149326,0.10936128489356675,0.12048717068200376,0.3434027493022651,0.7276421816796684,1.1703202521913392
7_1,21.520048755999998,8.97020103723067,2.821222685037172,2.564718625066767,0.0,True,0.28607751847655977,0.28634680779359406,0,2,0.5004662501395348,0.40551207785036497,0.13467731860669502,0.23684996163931785,0.7669770961854676,1.1654709446610416,1.151911859893669
7_2,21.138907596,8.79308132732446,2.654445953692673,2.708801683239176,0.0,True,0.3034675839718834,0.3038267578641585,0,2,0.0,0.4143376578627698,0.1470411647151844,0.06258802193158755,0.06917279616697584,1.1765193745074933,1.1682650620649744
7_3,21.007154137,8.870250343824631,2.605530736801799,2.6489274337516306,0.0,True,0.2561758915997716,0.25646246749341506,0,2,0.5001703365952381,0.41020002664021094,0.11889370372106275,0.13434199550654216,0.36966254201699816,1.1643624135551802,1.1373589035790992
7_4,20.829144898000003,8.496516436253543,1.7132811931647636,0.3160214542422286,0.0,True,0.30858168081044896,0.30919608449077396,8,1,0.49593202138095244,0.404868355643718,0.08669798464048654,0.08841471893845697,0.2395389417700415,0.7614617833529934,0.7203311654007644
