experiment_tag,time_to_reach_goal,path_length,cumulative_heading_changes,avg_distance_to_closest_person,minimum_distance_to_people,completed,minimum_distance_to_target,final_distance_to_target,robot_on_person_collision,person_on_robot_collision,time_not_moving,avg_robot_linear_speed,avg_robot_angular_speed,avg_robot_acceleration,avg_robot_jerk,avg_pedestrian_velocity,avg_closest_pedestrian_velocity
8_0,24.780704639999996,11.094165054516782,2.4863901826346044,1.027451851618985,0.0,True,0.29667840724649147,0.29667840724649147,1,5,0.0,0.4450509239301825,0.0970584152170892,0.2973883247928091,13.380791982440154,1.1627748556631843,1.0883371499775063
8_1,25.541700645000002,11.16734231501997,3.806383006005607,0.7604146858224234,0.0,True,0.2890891090265571,0.2890891090265571,6,12,0.5008176597058824,0.4376501999827859,0.1504236108839866,0.16433909077420775,0.3293953673998353,0.9459539911515911,0.9453554887426757
8_2,26.202029628000002,11.25997265837038,3.0451486965342225,0.9992612552611624,0.0,True,0.32630637643542554,0.32630637643542554,0,8,0.0,0.4314805944218675,0.11924887511364383,0.6074020883639241,1.3438739326101892,0.8401327688345038,0.7464492565742104
8_3,28.028857148000004,3.8829714602922736,6.047027008734382,1.1925294020884938,0.0,False,8.182515082486626,8.182515082486626,0,4,0.0,0.168851850302076,0.32966958307032157,0.9594343450038352,3.4767821148935205,1.0558365597237018,1.0360956971932802
8_4,24.08883725799999,10.974062951334934,1.8261983629086225,0.5630945307419459,0.0,True,0.42109961619336744,0.42109961619336744,2,8,0.5018507762083332,0.442937768428934,0.08643778496882576,0.03693326637089767,0.05876953883818337,0.7984870613067444,0.6814583965327151
