experiment_tag,time_to_reach_goal,path_length,cumulative_heading_changes,avg_distance_to_closest_person,minimum_distance_to_people,completed,minimum_distance_to_target,final_distance_to_target,robot_on_person_collision,person_on_robot_collision,time_not_moving,avg_robot_linear_speed,avg_robot_angular_speed,avg_robot_acceleration,avg_robot_jerk,avg_pedestrian_velocity,avg_closest_pedestrian_velocity
8_0,19.510524297,8.431708257909992,1.737735864770488,2.402538434846665,0.0,True,0.34992071303491706,0.35006622392463993,1,1,0.5002698537692307,0.42713773047492687,0.08697927208543849,0.41425852792982704,0.9713922809175539,1.0142105493871767,1.0495395732403117
8_1,20.589802340999995,8.49891838429564,1.865421351689898,2.2440249119839253,0.0,True,0.307436858506756,0.3077935503357255,1,1,0.5021903009999998,0.4180866326614913,0.09036952175699113,0.1768404999065354,0.4734575812496127,1.092438833265979,1.0425223963723984
8_2,20.199705626000004,8.432357588675156,1.879509906152446,2.4230726991821583,0.0,True,0.3743396563886814,0.3745240184706422,0,1,0.0,0.4226623023921363,0.09253511403014604,0.1888341884974781,0.6465752986184861,0.8252063785065863,0.9063959201022799
8_3,20.200802251000002,8.457680952859723,1.8471783340262267,1.8781484391781185,0.0,True,0.3620654683744179,0.3622494916949198,0,1,0.505020056275,0.4239390930472217,0.09090435812448298,0.5097694304853085,1.77876341150684,1.1125777974255715,1.0184194054577198
8_4,19.919937642,8.455269221008843,1.8369064599067126,2.3674059484136607,0.0,True,0.3523613275505309,0.35262974456093654,0,0,0.49799844105,0.4138457802255052,0.08962975864029314,0.3676122129609216,1.3765991078013016,1.05637730549822,1.0771138047829236
