experiment_tag,time_to_reach_goal,path_length,cumulative_heading_changes,avg_distance_to_closest_person,minimum_distance_to_people,completed,minimum_distance_to_target,final_distance_to_target,robot_on_person_collision,person_on_robot_collision,time_not_moving,avg_robot_linear_speed,avg_robot_angular_speed,avg_robot_acceleration,avg_robot_jerk,avg_pedestrian_velocity,avg_closest_pedestrian_velocity
9_0,22.050720293999994,9.369501665241486,1.4425819344796724,2.299325131362669,0.08056706626248233,True,0.014200114797470268,0.0,0,0,0.5011527339545453,0.4261815570702024,0.07723231668388265,0.23561561068470419,0.754416441882644,1.1878361323472457,1.183590478468974
9_1,23.399477729000004,9.315474025572843,2.6110569529732364,2.1377729767378963,0.0,True,0.02795139340522712,0.0,0,6,0.49786122827659585,0.38491609764837803,0.11940532588019571,0.43025445595660483,1.6099664379188257,1.1015754084293718,1.0864743517408881
9_2,20.606713113999994,9.479294846597094,1.6192617452124538,2.021421991132778,0.12610378762209817,True,0.06656203579513607,0.0,0,0,0.5026027588780486,0.4517407475395153,0.09998951874473154,0.2762999688764107,0.9568321785780843,1.013585411763625,1.0132036603973593
9_3,25.018396247000002,9.975325055244264,5.412823173952747,1.6006457551396338,0.0,False,0.270084723179743,0.270084723179743,0,4,0.0,0.3939955402528669,0.22750693536881722,0.6144273638476677,1.3195800244088225,1.077175681209223,0.9410554403777673
9_4,22.608164221000003,9.677951227204645,3.3371623474606498,1.5050591585421988,0.0,True,0.16957394262307482,0.0,0,2,0.5024036493555556,0.4241895285765305,0.16807539920157658,0.5790702216229348,1.550687595252724,0.8381490286165614,0.7250871819356418
