experiment_tag,time_to_reach_goal,path_length,cumulative_heading_changes,avg_distance_to_closest_person,minimum_distance_to_people,completed,minimum_distance_to_target,final_distance_to_target,robot_on_person_collision,person_on_robot_collision,time_not_moving,avg_robot_linear_speed,avg_robot_angular_speed,avg_robot_acceleration,avg_robot_jerk,avg_pedestrian_velocity,avg_closest_pedestrian_velocity
0_0,21.930403264,9.332663597813312,1.6963649335697366,2.3586623065686507,0.0,True,0.08671075438523643,0.0,4,0,0.49841825599999995,0.41625241654242184,0.07757124313533272,0.08004349373828938,0.25163554175970887,1.190047214983257,1.2401964409022164
0_1,21.749140104999995,9.63782122650293,2.264897469131631,2.8390776193034597,0.0,True,0.08580974342350346,0.0,0,2,0.5057939559302325,0.4354155431592402,0.10986401389482806,0.05152303982018585,0.06934391385819351,1.1270954482170463,1.1362049600919537
0_2,22.470114126,9.579757013047562,2.296275724154276,3.0303984623819455,0.0,True,0.038949340508519156,0.0,0,2,0.0,0.4246450533980176,0.11798044481110104,0.4835331106314818,1.7034910050445644,1.109080805398883,1.2078737188007258
0_3,21.060092744000002,9.275961553570529,1.3098738905007816,1.0358987664530648,0.0,True,0.026132916309476634,0.0,1,2,0.0,0.4302457027503866,0.05605493399337164,0.023374365020719646,0.023337499991156745,0.8830276430731058,0.7739547026987872
0_4,22.906127985000005,9.701889666255854,2.973979919087658,2.6784773283470935,0.0,True,0.04216919373906168,0.0,1,2,0.0,0.41743567273831766,0.13915111813374464,0.18238632251527817,0.5394334262001976,0.9354784871008474,0.8734334606298756
