experiment_tag,time_to_reach_goal,path_length,cumulative_heading_changes,avg_distance_to_closest_person,minimum_distance_to_people,completed,minimum_distance_to_target,final_distance_to_target,robot_on_person_collision,person_on_robot_collision,time_not_moving,avg_robot_linear_speed,avg_robot_angular_speed,avg_robot_acceleration,avg_robot_jerk,avg_pedestrian_velocity,avg_closest_pedestrian_velocity
1_0,24.256656101999994,11.004533607190918,0.875689422569013,3.8440755517992766,0.7988153942654523,True,0.3306670279784505,0.3306670279784505,0,0,0.5053470021249998,0.4591840107555167,0.0346772250700647,0.17860205781318872,0.25436577979934843,1.1624821659213198,1.1838192587749996
1_1,24.13234328,11.037563536975114,1.008556472066536,3.6773665211885294,1.0290440327971428,True,0.2790634961920394,0.2790634961920394,0,0,0.5027571516666667,0.4586469894462551,0.042738780254242,0.06578876230048078,0.20746726281285108,1.2599414266205322,1.296479805333113
1_2,23.447825724,11.028806758552737,1.0716939903148428,3.6706778660150605,1.0320726354185938,True,0.2900808012304152,0.2900808012304152,0,0,0.0,0.46107559350576754,0.04860530158385914,0.3117823211256043,1.6436236216183826,1.1947539301246677,1.203680272583394
1_3,24.159186307999995,10.995389900750084,1.1201695231342725,3.6170110674687805,0.46185383450687856,True,0.33859267522762676,0.33859267522762676,0,0,0.0,0.4602631692621924,0.04730661277164864,0.06725478287397092,0.21629712419987515,1.0653351849555228,1.0790357687735628
1_4,26.09907494199999,11.219245383117672,2.6944892772229405,2.9929284568692376,0.4920856382387351,True,0.2362591483075497,0.0,0,0,0.5019052873461537,0.42543792316883167,0.12700092721123812,0.0889867661330289,0.2182376438187444,0.9715689756985725,0.9184243988423682
