experiment_tag,time_to_reach_goal,path_length,cumulative_heading_changes,avg_distance_to_closest_person,minimum_distance_to_people,completed,minimum_distance_to_target,final_distance_to_target,robot_on_person_collision,person_on_robot_collision,time_not_moving,avg_robot_linear_speed,avg_robot_angular_speed,avg_robot_acceleration,avg_robot_jerk,avg_pedestrian_velocity,avg_closest_pedestrian_velocity
8_0,23.218951635,9.376693776297175,2.1555259759541423,1.1089803212921179,0.0,True,0.020842332887220066,0.0,0,6,1.0095196363043477,0.40174772854843804,0.10228388047109503,0.21684014321182013,0.7648817894309363,1.0180006991840373,0.9997687986290109
8_1,20.25997982299999,9.332362966721453,1.5667246826134043,1.7361198036231704,0.0,True,0.018086575605898013,0.0,2,0,0.9882916986829264,0.4428135378669759,0.0881157076079471,0.5013658201940265,9.469068115747088,0.7663158979535164,0.9987708659626515
8_2,22.08081941,9.32813690349137,2.042799703810392,1.3965141301864883,0.0,True,0.04141108802341634,0.0,1,7,0.0,0.4169851784729263,0.10449698980187276,0.1702587060718567,0.5630262595400869,0.6900590222814548,0.9034390006719654
8_3,23.479540268,9.592064293781823,3.9293615557913273,1.1279108583013437,0.0,True,0.015215014382069776,0.0,0,6,0.0,0.4019426870229362,0.17453197995326294,0.43336818464644283,1.5576114514774178,0.9862668975775609,0.9693106401339416
8_4,21.369838777,9.297506715698697,1.1676309747362237,1.3350926235320688,0.0,True,0.04207094732878462,0.0,6,0,0.49697299481395346,0.42450529196009296,0.061072419598519674,0.17971266212734202,0.6549664434621629,1.0043557993256378,0.8707076187069014
