experiment_tag,time_to_reach_goal,path_length,cumulative_heading_changes,avg_distance_to_closest_person,minimum_distance_to_people,completed,minimum_distance_to_target,final_distance_to_target,robot_on_person_collision,person_on_robot_collision,time_not_moving,avg_robot_linear_speed,avg_robot_angular_speed,avg_robot_acceleration,avg_robot_jerk,avg_pedestrian_velocity,avg_closest_pedestrian_velocity
2_0,23.239990747999993,9.320909394749238,3.939827817890059,0.942572620970992,0.0,True,0.30696573808629063,0.3071290368504902,5,7,0.0,0.3989525869687826,0.20785631881096894,0.295746279330749,0.9536805862866867,1.1577168336516415,1.1337903423983993
2_1,22.010575749,8.970163216642678,2.443757201972309,1.0103657223894527,0.0,True,0.27012238068080224,0.2705596179748365,0,2,0.5002403579318182,0.4123063521796725,0.12319768056162275,0.07506956310991864,0.1491660923485321,0.9305672733266444,0.8034355699025308
2_2,21.738938117999993,8.760710213956992,2.444231468183075,1.0596275142660478,0.0,True,0.2733731120621677,0.2738355195924752,0,2,0.9881335508181815,0.3963696629662074,0.11209690898175612,0.22573282222602403,8.305247663512128,0.9633281612398927,0.8423895064750275
2_3,21.990473760000004,9.065993767824924,3.4658687342900696,1.3821883165438411,0.0,True,0.28881355724714197,0.28921540174288457,0,5,0.0,0.4054394626547004,0.17297016494516176,0.4516291864615266,1.5562812572564035,0.9996744655952748,1.0298538533629178
2_4,20.1701668,8.816252458977702,2.983603534083431,0.8973662809275693,0.0,True,0.3329695980798957,0.33303076181982727,2,3,0.5042541700000001,0.43212162344950644,0.1699085717187248,0.24539975083191098,0.5991877463217044,1.069751503152065,1.0491865872232233
