experiment_tag,time_to_reach_goal,path_length,cumulative_heading_changes,avg_distance_to_closest_person,minimum_distance_to_people,completed,minimum_distance_to_target,final_distance_to_target,robot_on_person_collision,person_on_robot_collision,time_not_moving,avg_robot_linear_speed,avg_robot_angular_speed,avg_robot_acceleration,avg_robot_jerk,avg_pedestrian_velocity,avg_closest_pedestrian_velocity
2_0,31.705740257,14.409531197816397,1.6209273667520807,2.8598256694325155,0.0,True,0.40133676492069437,0.40133676492069437,1,3,0.0,0.45426685278389756,0.04924968034356602,0.25189649271327835,0.9528747363358507,1.2224191051448292,1.304958506011238
2_1,32.356764854999994,14.422311305681298,2.675111868897428,3.2523719641449595,0.0,True,0.38776523353301323,0.38776523353301323,1,2,0.4977963823846153,0.448372552972468,0.09393129205123749,0.30931853767368667,0.9879698041073465,1.1875653693629338,1.207039936614667
2_2,35.018889692,15.085210485169394,3.8082615845087138,3.3785672124894646,0.0,False,0.32087570200319787,0.32087570200319787,0,4,0.0,0.4276711361278992,0.11506801632489518,0.14237478805263004,0.3663802443099444,0.8670916312291367,0.871759771809103
2_3,32.057095101,14.416813212243607,1.6540591738698236,3.784575380947477,0.0,True,0.39733186367912465,0.39733186367912465,0,4,0.0,0.4435247263063493,0.05599934741985349,0.07323911791104602,0.2374280081900591,0.6671519333285645,0.9192853055033138
2_4,30.320003049999997,14.335565216648865,0.2915585618609233,2.602670738277261,0.151479684517564,True,0.33340396435829805,0.33340396435829805,0,0,0.0,0.46477035697861074,0.009558345188738262,0.08820298431280456,0.3537795636167971,0.7349718007865582,0.9595340589727819
