experiment_tag,time_to_reach_goal,path_length,cumulative_heading_changes,avg_distance_to_closest_person,minimum_distance_to_people,completed,minimum_distance_to_target,final_distance_to_target,robot_on_person_collision,person_on_robot_collision,time_not_moving,avg_robot_linear_speed,avg_robot_angular_speed,avg_robot_acceleration,avg_robot_jerk,avg_pedestrian_velocity,avg_closest_pedestrian_velocity
2_0,20.602997306,8.525987895807493,1.7154152780547145,4.45250129460419,2.1446214306732316,True,0.2376970933042358,0.0,0,0,0.5025121294146341,0.4071398357009759,0.0827910009956262,0.08216375695724389,0.22730724719931372,1.073180416551763,1.0332234816757935
2_1,20.559808290000003,8.540384794425869,1.66795938790434,4.070032779081545,1.6284084749204513,True,0.27685116571113005,0.27732761772752235,0,0,0.5014587387804879,0.4047869549198981,0.08374525996374105,0.16096932273770806,0.5327841239404457,0.9779267952181966,0.8873854380132113
2_2,20.400517178999998,8.506805649296103,1.6452273587924302,3.6723407810289297,1.3052233021786792,True,0.2830565992499865,0.28347738867571903,0,0,0.4975735897317073,0.4052546422962162,0.08247882532133202,0.5518468977638866,1.5160953837453863,0.8822968985202783,0.7098208097428456
2_3,20.738517611000002,8.537376587535736,1.7822834875314184,4.139701185053631,1.758514459779243,True,0.27375017993386436,0.27434982377540174,0,0,0.0,0.3966142066867122,0.09373268204069661,0.05995198465550779,0.12814760963690466,0.9335429653772043,0.8060648328973965
2_4,21.02930942,8.492683958094066,1.7496619748960276,4.4449288972323915,2.166704379150903,True,0.29120578619145177,0.29169149208867057,0,0,0.5006978433333333,0.4051627005781053,0.08091105525242435,0.19328753740959037,0.44563390734656055,1.0787107795531377,1.01826921333018
