experiment_tag,time_to_reach_goal,path_length,cumulative_heading_changes,avg_distance_to_closest_person,minimum_distance_to_people,completed,minimum_distance_to_target,final_distance_to_target,robot_on_person_collision,person_on_robot_collision,time_not_moving,avg_robot_linear_speed,avg_robot_angular_speed,avg_robot_acceleration,avg_robot_jerk,avg_pedestrian_velocity,avg_closest_pedestrian_velocity
9_0,20.280080677999997,8.46290051433271,1.8886970031021297,2.9431192183399695,0.08282558668934314,True,0.31380663698836425,0.314010340469179,0,0,0.4946361140975609,0.41102409359788517,0.08854858855594834,0.06708252974552734,0.15820394507253382,0.7818968689696842,0.7085555413262324
9_1,20.859973919000005,8.32131338317696,2.3625013597984568,1.358148926807758,0.0,True,0.4049899477005946,0.40544821628594085,1,1,0.0,0.3857428055876944,0.11921802665179235,0.2458221627924736,0.8686150437288547,0.9536904202292785,0.8991585650065358
9_2,20.609918374,8.500603840383858,1.9181292669028438,1.2763503322607597,0.0,True,0.28618137365219093,0.2862499395984031,3,3,0.5026809359512195,0.40994448422547664,0.10472962220431124,0.41256308415587206,1.4387643405013746,0.9215089372895193,0.9137469149797616
9_3,20.429411351,8.46565285696237,2.437206585572118,1.5327613984945292,0.0,True,0.3381109351116599,0.3385431282201738,0,2,0.0,0.4033781662439234,0.133832930492288,0.14063965262917158,0.3855439694511212,1.0485337257329284,1.0760446205803027
9_4,19.680031729999993,8.462490901639782,1.8369753478584534,3.210661182601168,0.10225283670129148,True,0.349111372121761,0.3493014986300091,0,0,0.504616198205128,0.4274660870336328,0.0952009756228166,0.18589481158003057,0.4668984226693467,0.8716347928351444,0.7820289219432441
