experiment_tag,time_to_reach_goal,path_length,cumulative_heading_changes,avg_distance_to_closest_person,minimum_distance_to_people,completed,minimum_distance_to_target,final_distance_to_target,robot_on_person_collision,person_on_robot_collision,time_not_moving,avg_robot_linear_speed,avg_robot_angular_speed,avg_robot_acceleration,avg_robot_jerk,avg_pedestrian_velocity,avg_closest_pedestrian_velocity
5_0,23.741289742,8.905119235984792,3.397718268541392,1.4368426067502742,0.0,True,0.276867114444402,0.2776905481911386,4,12,0.0,0.37109306687417076,0.1635332279056933,0.3758695707578115,0.9493063760754497,0.9880891474777712,0.8598094134876771
5_1,22.767175469999998,8.923596020092148,3.5377337006080136,1.3128214663876725,0.0,True,0.4242573819601134,0.4242573819601134,0,7,0.0,0.39092956605672485,0.179298077765705,0.28305234364061393,0.9673526240275441,1.0291986615844189,1.020016588976208
5_2,25.000949149,9.72711218202563,3.9037148261657837,2.2357278939456324,0.0,False,0.2513686652665568,0.25210541261029557,0,4,0.0,0.3818789279568887,0.18372536952206928,0.3003763689195747,0.7995826039562268,0.8272894725152894,0.8163687147226968
5_3,23.420067348999996,8.775555340898533,4.878019990089034,1.3329538937440597,0.0,True,0.38975901597529805,0.38975901597529805,1,11,0.0,0.37245339087261664,0.23580994914264256,0.15985472271362525,0.43161438003713115,1.029619426625851,0.9361558256624501
5_4,23.640036268,9.770883271902795,5.4730351068281955,1.5441920929725497,0.0,True,0.3601748252757967,0.3601748252757967,2,10,0.0,0.40862177597697635,0.24548850113672313,0.4728944773653054,1.6509493094116818,1.0349869149787065,1.1333063754164505
