experiment_tag,time_to_reach_goal,path_length,cumulative_heading_changes,avg_distance_to_closest_person,minimum_distance_to_people,completed,minimum_distance_to_target,final_distance_to_target,robot_on_person_collision,person_on_robot_collision,time_not_moving,avg_robot_linear_speed,avg_robot_angular_speed,avg_robot_acceleration,avg_robot_jerk,avg_pedestrian_velocity,avg_closest_pedestrian_velocity
4_0,24.530472840999998,9.338710804830558,4.739371482535155,0.5079972954256001,0.0,True,0.25065370813101234,0.25157114862370283,6,13,0.5006218947142856,0.3692526413754013,0.18323060863181728,0.41426477411054,1.4538714145094047,1.0044669417749417,0.8820695616615908
4_1,24.991078665000003,9.661117533194194,4.1927340897086935,0.40135469214087693,0.0,False,0.2595094369890189,0.25958622966533657,6,7,0.0,0.3884476032254378,0.17715510790098904,0.07123114826064085,0.09272331643403858,0.7990410696851503,0.7923785097492702
4_2,22.240052441,9.084395968768758,2.337289175810418,0.29030666698321506,0.0,True,0.2453658393811084,0.0,5,2,0.4942233875777778,0.396202404279243,0.11137017392673472,0.3693192655481695,1.3472909046794266,0.8314032504417979,0.6866702853159063
4_3,22.719988735,9.29557157991923,2.8204574346637665,1.7651996929165803,0.0,True,0.2517342286752268,0.25231854851022006,2,2,0.5048886385555555,0.40334422059443453,0.1315143892288707,0.43247507621780973,1.5649888585800729,1.1078727813466194,1.0561099129033216
4_4,24.355829338000003,9.160115272916409,4.058781201397873,1.4568253251659666,0.0,True,0.2819903463074809,0.2823926321297902,3,5,0.0,0.36542208610978827,0.18162933110644275,0.1525092324731894,0.4335062154634113,1.1334249532763458,1.093174292934802
