experiment_tag,time_to_reach_goal,path_length,cumulative_heading_changes,avg_distance_to_closest_person,minimum_distance_to_people,completed,minimum_distance_to_target,final_distance_to_target,robot_on_person_collision,person_on_robot_collision,time_not_moving,avg_robot_linear_speed,avg_robot_angular_speed,avg_robot_acceleration,avg_robot_jerk,avg_pedestrian_velocity,avg_closest_pedestrian_velocity
5_0,21.157473246000002,9.279170434974253,1.5847835560085768,2.891686565092734,0.11557193554856549,True,0.03395083925892955,0.0,0,0,0.5037493630000001,0.4314588028342123,0.08229621108105616,0.06073433919154343,0.13843528020066623,0.912406999614327,0.8492597534179366
5_1,20.760010961000003,9.30963522522709,1.385678734496508,2.997448364498695,0.2269826587054048,True,0.031062753712140023,0.0,0,0,0.9885719505238096,0.43298552613714714,0.06800291202200494,0.07979938582806306,0.2480048658784258,0.8112899228575831,0.9491050427598547
5_2,20.561545566,9.404649300192775,2.099350038934585,2.910124714296833,0.11534584573753515,True,0.0888778534270598,0.0,0,0,0.0,0.4540923797544038,0.10942117174921757,0.1521191958486232,0.46107246177169015,1.0708147026546482,1.034376747348667
5_3,21.900322199999994,9.315651538066458,1.8315329256602588,2.6541513248329878,0.0,True,0.017450377075677443,0.0,0,4,0.49773459545454535,0.4128962461543193,0.08184614135908358,0.033707853689413786,0.0468448699866218,1.0358470742726495,1.0230892705580419
5_4,22.108407165999996,9.315340338745832,1.6726264357865923,2.885693837156901,0.3386790624415785,True,0.050016771823665436,0.0,0,0,0.5024637992272726,0.42340663634509,0.08107998813358107,0.28207398038029347,0.9440240254710818,0.9095786204769477,0.994847420496774
