experiment_tag,time_to_reach_goal,path_length,cumulative_heading_changes,avg_distance_to_closest_person,minimum_distance_to_people,completed,minimum_distance_to_target,final_distance_to_target,robot_on_person_collision,person_on_robot_collision,time_not_moving,avg_robot_linear_speed,avg_robot_angular_speed,avg_robot_acceleration,avg_robot_jerk,avg_pedestrian_velocity,avg_closest_pedestrian_velocity
5_0,19.708028066000008,8.534832911823196,1.8600772409076778,0.6152457048689028,0.0,True,0.31311237603096825,0.31332553673786406,0,1,0.0,0.41465219265900666,0.10372319775437619,0.09872860976668409,0.28482328445383714,0.9790682687208826,0.901965832078274
5_1,21.280020250999996,8.580549382169268,2.4081796255821697,1.1702356051610443,0.0,True,0.2720901583774469,0.2720929928554624,4,2,0.49488419188372085,0.3929635904458003,0.11139843118561475,0.15126054656194426,2.194070396116212,0.9290917537025362,0.7298792783339974
5_2,19.659427431,8.472368719012614,2.020073163603244,1.6076581913485803,0.0,True,0.37521746682143475,0.375400701909676,0,1,0.5040878828461539,0.41776825213851704,0.12704582291191127,0.14080609946213324,0.46276689764484286,1.0065338822646617,0.9357388509736773
5_3,19.857709181,8.478007649439036,1.7737092183092584,0.5594949691671515,0.06741494524684555,True,0.3595754891230196,0.35971026700981884,0,0,0.496442729525,0.41832316064054326,0.09059371202757707,0.11763796232665814,0.27624422308426216,0.8353540712133235,0.7883759961242948
5_4,19.938219901000004,8.481263665403228,2.1776350247980396,0.6905553373608857,0.07927682357991284,True,0.321117160691236,0.3214078043457033,0,0,0.0,0.41320675758671754,0.11498848682879437,0.09805678978293768,0.28132003266124983,1.0013769034431306,0.8726072097436121
