experiment_tag,time_to_reach_goal,path_length,cumulative_heading_changes,avg_distance_to_closest_person,minimum_distance_to_people,completed,minimum_distance_to_target,final_distance_to_target,robot_on_person_collision,person_on_robot_collision,time_not_moving,avg_robot_linear_speed,avg_robot_angular_speed,avg_robot_acceleration,avg_robot_jerk,avg_pedestrian_velocity,avg_closest_pedestrian_velocity
0_0,23.858020805,10.946409455759442,1.0077107062676687,3.1458120688458644,0.0,True,0.3708049056314071,0.3708049056314071,0,2,0.0,0.4597231609646009,0.05240960386416184,0.06857311841928646,0.22328739529852182,1.045542072285687,1.1569881675557974
0_1,23.339762200999996,10.939777481853113,0.8884908174386257,1.9539604133579334,0.0,True,0.3662565339016198,0.3662565339368798,7,2,0.9931813702553189,0.4549061998708892,0.041490416777349735,0.0408883374082368,0.12991630126844966,1.0914765681715584,1.0858620432628818
0_2,24.039774246999997,10.989271364180293,0.8273956957901127,2.1299133337813076,0.0,True,0.31868222428118226,0.31868222428118226,3,0,0.0,0.4618706742212041,0.04196830605613242,0.3904303393266197,1.3999145004517057,1.113141203591723,1.1256465095281425
0_3,23.690052592999994,10.858439532272149,0.8064626143853126,2.1697696148546783,0.0,True,0.4587836103209205,0.4587836103209205,1,0,0.5040436721914893,0.46313038742556073,0.034886295827705686,0.1274721541528339,0.47223982652875407,1.1120471972263866,1.1733783437621128
0_4,23.499793068000002,10.972233271490056,0.9749200001753153,2.6772742193726504,0.0,True,0.34538145831901224,0.34538145831901224,1,1,0.0,0.4588830727027317,0.04479540931241086,0.18426339168872877,0.6968503390664614,1.0371630654559445,1.0779078633661217
