experiment_tag,time_to_reach_goal,path_length,cumulative_heading_changes,avg_distance_to_closest_person,minimum_distance_to_people,completed,minimum_distance_to_target,final_distance_to_target,robot_on_person_collision,person_on_robot_collision,time_not_moving,avg_robot_linear_speed,avg_robot_angular_speed,avg_robot_acceleration,avg_robot_jerk,avg_pedestrian_velocity,avg_closest_pedestrian_velocity
1_0,19.908761342999995,8.479611769035566,1.848417332102764,2.0670193117258453,0.0,True,0.32188636790352915,0.32214943340779134,0,1,0.49771903357499986,0.4099911467342134,0.09956141975361242,0.06725792437587058,0.16676546729266198,0.7575771791641358,0.9863066090345556
1_1,19.989686225,8.457577324734727,1.7953707467575426,0.720344154692745,0.0,True,0.3270301805628509,0.32732870955944116,2,2,0.499742155625,0.41929848401101166,0.09896491913706007,0.22609468540303246,0.694464209597998,0.7091190591106451,0.614086754620868
1_2,19.490189084000004,8.49279374314028,2.0236942748130367,0.6007819893298825,0.0,True,0.3480521440185965,0.34819538920286525,11,1,0.49974843805128216,0.4274647898718504,0.11360429171559601,0.3721339678511034,0.6746295499314898,0.8390561513407799,0.780396347141067
1_3,19.789961946999995,8.472656648864623,1.8040552721383478,0.32293394784492185,0.0,True,0.2959354564650569,0.29613042125514943,2,0,0.49474904867499986,0.4167252391325198,0.09386108295801887,0.5815871639180816,2.31910219045888,0.6955226121666815,0.672521318184081
1_4,20.000392535999996,8.675403355328875,1.973939931480985,0.8026602281409683,0.0,True,0.3572424355330333,0.35730059111111,0,3,0.5000098134,0.42938624103287976,0.11690255134331005,0.0742501560470488,0.17716203012953063,1.1037278606279466,0.9615820793690918
