experiment_tag,time_to_reach_goal,path_length,cumulative_heading_changes,avg_distance_to_closest_person,minimum_distance_to_people,completed,minimum_distance_to_target,final_distance_to_target,robot_on_person_collision,person_on_robot_collision,time_not_moving,avg_robot_linear_speed,avg_robot_angular_speed,avg_robot_acceleration,avg_robot_jerk,avg_pedestrian_velocity,avg_closest_pedestrian_velocity
1_0,20.357807020000003,8.472753451024145,1.8912343765168247,3.5418560144536224,0.0,True,0.36182495492978145,0.3620497658500519,0,0,0.0,0.41448302841330686,0.10096365006876445,0.1483015307115035,0.48157457333801623,1.0701172385889939,1.1207085752411916
1_1,20.299248037999998,8.431189367169706,1.930952844875074,2.7158423774165206,0.0,True,0.3659650743665927,0.36637047929076016,1,1,0.4951036106829268,0.40681691774205286,0.1029089333869367,0.6047328709494832,1.1544231685017243,1.008127224961141,0.9192455148789959
1_2,20.107754974999995,8.494161215756238,1.791347846260162,2.906432410536222,0.0,True,0.3169821505504517,0.3171645860699077,0,1,0.5026938743749999,0.41576040758363414,0.09063225286777027,0.32659769423670126,0.6957075753815337,1.0756023884028274,1.067693971280462
1_3,19.707908342000007,8.436374826659494,1.7974174774889047,2.9599838269339007,0.0,True,0.33853418470555374,0.3386951711378927,0,1,0.5053309831282053,0.4243492331518527,0.09319096067614116,0.07014419711877422,0.1655020290170004,1.012497108513138,0.9935742568369801
1_4,19.707457525000006,8.456704539358723,1.808190792515886,2.984023239333932,0.0,True,0.3502938227403343,0.350499799912217,0,1,0.5053194237179489,0.42089013914747364,0.09683607504227454,0.1588432234436267,0.5200844226599814,1.0864407272935566,1.0984122147389206
