experiment_tag,time_to_reach_goal,path_length,cumulative_heading_changes,avg_distance_to_closest_person,minimum_distance_to_people,completed,minimum_distance_to_target,final_distance_to_target,robot_on_person_collision,person_on_robot_collision,time_not_moving,avg_robot_linear_speed,avg_robot_angular_speed,avg_robot_acceleration,avg_robot_jerk,avg_pedestrian_velocity,avg_closest_pedestrian_velocity
5_0,23.359888344000005,10.933165757210185,0.824313114163334,3.600608769703957,0.0,True,0.39536376099379306,0.39536376099379306,0,2,0.49701890093617035,0.4544968732304479,0.03237946714143846,0.08711787934670118,0.3145792707898504,1.1345866342417825,1.1732899228696476
5_1,23.520102478999995,10.971946725492806,0.8905885521816099,3.6507565764094854,0.0,True,0.3462601117001951,0.3462601117001951,0,2,0.0,0.4577874742170809,0.035949853612598684,0.173543524292513,0.5627943776000621,1.0723665612016526,1.1693122027803977
5_2,23.410048468999996,10.934624318136866,0.8932364068490131,3.412174992959802,0.0,True,0.392296648265614,0.392296648265614,0,2,0.0,0.45888376685404797,0.03841986870249485,0.0651030442317758,0.22150562431706106,1.1063382944547104,1.1072773157865838
5_3,24.10672386,11.023074697871339,0.8184641177536505,3.5845914830371424,0.0,True,0.2879986827680785,0.2879986827680785,0,1,0.50222341375,0.45005967830001575,0.035755137398368914,0.016976666601651102,0.023786304484282077,1.1722099215688149,1.1965611803227714
5_4,24.088854957,10.985364796630137,0.8236017524401769,3.482659029812879,0.0,True,0.3236040712310943,0.3236040712310943,0,2,0.5018511449374999,0.4489851261293405,0.03601131733531375,0.20178901162202367,0.6139203342976116,1.1366420450262849,1.0663711303724766
