experiment_tag,time_to_reach_goal,path_length,cumulative_heading_changes,avg_distance_to_closest_person,minimum_distance_to_people,completed,minimum_distance_to_target,final_distance_to_target,robot_on_person_collision,person_on_robot_collision,time_not_moving,avg_robot_linear_speed,avg_robot_angular_speed,avg_robot_acceleration,avg_robot_jerk,avg_pedestrian_velocity,avg_closest_pedestrian_velocity
3_0,31.870885604,14.457115348535446,1.5876143630713582,1.7481057364424482,0.0,True,0.3511964001450705,0.3511964001450705,0,4,0.0,0.4564203199215474,0.05886480042098906,0.027444421597403085,0.046562855286750374,1.085780052133116,0.9647528570117793
3_1,34.953304858,15.854991385885224,4.111728717658064,1.0076274514606811,0.0,False,0.4549509526544752,0.4549509526544752,0,12,0.0,0.4613650173999891,0.12039024062984965,0.07519235145448332,0.12030038379336597,0.8060399976339989,0.7356949823608733
3_2,33.310033576,14.540984347845312,3.1596818551462476,1.4707509882811491,0.0,True,0.38633084394390305,0.38633084394390305,0,6,0.5046974784242425,0.43679910052325094,0.09311084742152051,0.11007935424691362,0.3427908994059541,0.999273037824635,0.895201449474608
3_3,31.180506362999992,14.445830907771082,2.0202169042876736,2.1573465904381908,0.0,True,0.3888828861017506,0.3888828861017506,10,5,0.0,0.46021331763898227,0.07340309839156274,0.2499846873080015,0.9290016044602605,1.015125000930011,0.9364958976202056
3_4,34.970767306999996,15.220952522766941,4.37136520114835,3.14342214593289,0.0,False,0.3557622967071402,0.3557622967071402,0,9,0.0,0.4242382349381345,0.13915436136175965,0.2213496469627941,0.6598565108867805,0.9190862949123889,0.9272933865439382
