experiment_tag,time_to_reach_goal,path_length,cumulative_heading_changes,avg_distance_to_closest_person,minimum_distance_to_people,completed,minimum_distance_to_target,final_distance_to_target,robot_on_person_collision,person_on_robot_collision,time_not_moving,avg_robot_linear_speed,avg_robot_angular_speed,avg_robot_acceleration,avg_robot_jerk,avg_pedestrian_velocity,avg_closest_pedestrian_velocity
9_0,30.509891816,14.386463270870609,1.0059625516526585,1.5475043818277219,0.0,True,0.37131887241883027,0.37131887241883027,1,3,0.0,0.46795436234442456,0.02889251460495358,0.07140071306802818,0.2547535673321484,0.9683407437238952,0.9371066226183619
9_1,31.309912188999995,14.408981803054537,1.3009729823948377,3.6219095045875953,0.0,True,0.35532353070007366,0.35532353070007366,1,5,0.0,0.4698218806052761,0.04223472199823574,0.07519932786284406,0.24257806734539267,1.1570843815892329,1.1666456927468452
9_2,30.620162192000013,14.400946628360684,0.9196513285037176,4.071489304992848,0.0,True,0.35313527569295644,0.35313527569295644,0,3,0.0,0.46795158431593425,0.03419736719339769,0.1191338681772548,0.43885647386030496,0.8477271708911819,0.9813863186665549
9_3,32.388962062,14.471781044244326,1.7490915404577367,2.322342727467124,0.0,True,0.38753595794392665,0.38753595794392665,3,5,0.0,0.45127112243076745,0.05763950826697208,0.22256197732022148,0.819835020668851,1.134749182480923,1.1677023036316485
9_4,30.600239541000004,14.353365195200212,0.9695263567658947,3.128634510737043,0.0,True,0.37084856243788794,0.37084856243788794,1,2,0.0,0.46563111617066827,0.03589712360744555,0.13013220012157503,0.4723029946960421,0.9203224751068025,0.9906892632839
