requirement,dtw
distance,21.555586542099803
jerk,18.97251249555044
reach,13.138476877280928
