requirement,algorithm,time_to_reach_goal,path_length,cumulative_heading_changes,avg_distance_to_closest_person,minimum_distance_to_people,minimum_distance_to_target,final_distance_to_target,robot_on_person_collision,person_on_robot_collision,time_not_moving,avg_robot_linear_speed,avg_robot_angular_speed,avg_robot_acceleration,avg_robot_jerk,avg_pedestrian_velocity,avg_closest_pedestrian_velocity
jerk,jerk,3.881484866969074,2.1958943112421645,0.6578612635370187,0.8466962084545739,0.3944348019316796,0.12382282310747492,0.1472381557322133,0.4615410428425493,0.9390604090800369,0.2695241895779717,0.02426093192534022,0.03835989123557758,0.10958443327478527,1.1258457684101704,0.14653576659063486,0.18975251799475382
distance,distance,3.8405282891976817,2.204720189746553,0.987446596397827,1.257499578739316,0.37715988597222305,0.1779557705642785,0.1997596643930763,4.822528229413482,3.0532998249482612,0.3101049111340268,0.03297196253070762,0.05082460976198223,0.17825091140826138,1.840471971884512,0.17475611571573663,0.2153930842776671
reach,reach,4.053841952172458,2.225593521772175,0.5539367717981463,1.0063886101222488,0.41378338032151385,0.10776810434099075,0.1389451828828338,7.8517129324214565,1.548976713530711,0.2639326114307725,0.02634927072845209,0.031109436618605057,0.167304581851192,0.9540397935744618,0.15338958361406457,0.14125203526763633
