experiment_tag,time_to_reach_goal,path_length,cumulative_heading_changes,avg_distance_to_closest_person,minimum_distance_to_people,completed,minimum_distance_to_target,final_distance_to_target,robot_on_person_collision,person_on_robot_collision,time_not_moving,avg_robot_linear_speed,avg_robot_angular_speed,avg_robot_acceleration,avg_robot_jerk,avg_pedestrian_velocity,avg_closest_pedestrian_velocity
1_0,22.207718414000002,9.288514055899572,1.7277163453826279,1.7115335997964125,0.0,True,0.1127358366120668,0.0,0,3,0.0,0.41873898751310445,0.08616332351026859,0.23689121109062208,0.7574492141196635,1.0712412777122255,0.9799422873954889
1_1,21.657394441000005,9.320772766567583,1.2900994130682624,3.668428306140049,0.0,True,0.02690436174539869,0.0,0,1,0.5036603358372094,0.4246490793985734,0.06021024105446493,0.11624224275617201,0.3867751864640926,1.1601504976872763,1.2106505729713297
1_2,20.907263167000004,9.318775510681643,1.0943078991885855,2.9253883269214866,0.7069403411726791,True,0.03049601822137447,0.0,0,0,0.0,0.4326932639275009,0.05697985176768207,0.02249040778019706,0.02243218852349922,1.0590438988062447,1.0629358120495307
1_3,20.640062436,9.263094449731355,1.230534848568304,2.8038193030212786,0.5076366504178886,True,0.07714843706197379,0.0,0,0,0.5034161569756098,0.4528411070001865,0.06523828131689624,0.02994132805199761,0.024584974641640462,1.2758253015466796,1.3303937515797155
1_4,21.655153859000006,9.265193332166783,1.191843142777175,2.668283149756222,0.4511621191019908,True,0.030948847566700584,0.0,0,0,0.0,0.4300395391385338,0.06255819377753927,0.08522392754242715,0.2573004740029323,1.1153048149256404,1.1778892571326491
