experiment_tag,time_to_reach_goal,path_length,cumulative_heading_changes,avg_distance_to_closest_person,minimum_distance_to_people,completed,minimum_distance_to_target,final_distance_to_target,robot_on_person_collision,person_on_robot_collision,time_not_moving,avg_robot_linear_speed,avg_robot_angular_speed,avg_robot_acceleration,avg_robot_jerk,avg_pedestrian_velocity,avg_closest_pedestrian_velocity
7_0,31.806487099,14.512287840128842,2.7910409429217293,1.2108654441814148,0.0,True,0.39145103718004604,0.39145103718004604,19,4,0.5048648745873016,0.46536126534938504,0.09117984760470488,0.16908480395094705,0.3898239856684258,0.9907368426804409,0.9098303930200324
7_1,34.329902430000004,14.980691855960792,3.7846486557343177,2.3069523761917825,0.0,True,0.35217063195406784,0.35217063195406784,0,8,0.5048515063235295,0.4430970823248722,0.11504056870688517,0.29695472521923666,0.8624046088694417,1.0626742321129397,1.049932328960372
7_2,35.001056119999994,15.467432489973863,5.913163747955237,1.6589775302110346,0.0,False,0.43866665878558037,0.43866665878558037,1,8,0.0,0.43537845681291126,0.1916509619367541,0.24661093914635646,0.6127575086459114,1.0682787628241956,1.0208620733447578
7_3,30.658039368000004,14.398986574203574,1.043808090292131,1.938663856338963,0.0,True,0.3408164099336462,0.3408164099336462,11,1,0.0,0.4673184836303934,0.03633013125226956,0.03514334833434466,0.1001562043496581,1.0982187614084105,1.0597428821921855
7_4,31.090023655999996,14.39096853875422,0.9231642922668053,2.8027721272653277,0.0,True,0.3390505768150914,0.3390505768150914,1,2,0.0,0.4686732657563023,0.02553353727831786,0.04977975910463327,0.1723893300651941,1.0369438078427322,0.998100155095622
