experiment_tag,time_to_reach_goal,path_length,cumulative_heading_changes,avg_distance_to_closest_person,minimum_distance_to_people,completed,minimum_distance_to_target,final_distance_to_target,robot_on_person_collision,person_on_robot_collision,time_not_moving,avg_robot_linear_speed,avg_robot_angular_speed,avg_robot_acceleration,avg_robot_jerk,avg_pedestrian_velocity,avg_closest_pedestrian_velocity
4_0,24.358303130999996,11.05665404521675,1.8849847535420383,1.655690752906893,0.0,True,0.32898538926892446,0.32898538926892446,0,2,0.0,0.45605689709024083,0.09632636042763588,0.13233385538720874,0.91034258390941,1.138317519596586,1.1388732557650527
4_1,23.790022205999993,11.149217950503912,1.9360702761617161,1.8149122018255281,0.0,True,0.3375750735435844,0.3375750735435844,2,0,0.49562546262499985,0.45582905793306977,0.09084047762133897,0.40061057851962245,0.9697290381044094,0.7158670159740501,1.0272305367279726
4_2,23.659747354,11.039156119610448,1.6561536738937628,1.1795584213387251,0.0,True,0.39419633367950596,0.39419633367950596,4,1,0.5033988798723404,0.4631307301281687,0.07303299092950873,0.05886053772245004,0.14332476228514232,1.0278858319204407,1.039772318683288
4_3,24.629919276000003,11.193291252949416,2.4640194513455396,2.0517415746823224,0.0,True,0.3613778546007231,0.3613778546007231,0,9,0.0,0.4498729376555498,0.11147860841524082,0.1342268487271528,0.3183213948071003,1.193756487385278,1.2060140401875048
4_4,24.205770538999992,11.054201833558787,1.7696253348391804,1.9588461671439166,0.0,True,0.35596785439640605,0.35596785439640605,1,6,0.0,0.45394867134026334,0.08190980432318888,0.16671928466639444,0.5908990047820276,1.2311386012116976,1.2509104932067308
