experiment_tag,time_to_reach_goal,path_length,cumulative_heading_changes,avg_distance_to_closest_person,minimum_distance_to_people,completed,minimum_distance_to_target,final_distance_to_target,robot_on_person_collision,person_on_robot_collision,time_not_moving,avg_robot_linear_speed,avg_robot_angular_speed,avg_robot_acceleration,avg_robot_jerk,avg_pedestrian_velocity,avg_closest_pedestrian_velocity
1_0,23.60820216800001,9.26228699545501,2.830451168748976,1.2981960707547098,0.0,True,0.2532360831953309,0.25395998779734896,4,3,0.0,0.37832802843567,0.1534055327550826,0.13920852945293613,0.40568390639904695,0.7464448412922113,0.8132401452335598
1_1,23.139722776999996,9.088884873243215,3.471700041129872,0.9119112714098818,0.0,True,0.3556974950463867,0.3559087471223048,7,9,0.0,0.3906876910068029,0.17011991647540656,0.4525873510430072,1.5435143284906,1.0663119159171177,0.9734896078464835
1_2,21.108546854999993,8.632915928882468,2.0138008047028944,1.4596725002123756,0.0,True,0.34035289832086596,0.3407042869477099,4,8,0.0,0.40454107789208543,0.10793400245340978,0.3731965623478997,1.288099546911847,1.092616509498786,1.1047107553583717
1_3,21.289974087999997,8.574246458096365,2.1267418994931906,1.6926578181104501,0.0,True,0.24918475403072635,0.0,3,3,0.49511567646511623,0.3914803901041939,0.09583127186111297,0.1739197183503018,2.9726459923191197,0.9336315384591906,0.9918523682091173
1_4,22.93932398900001,9.139023469011667,3.449028954822892,1.0793956369144928,0.0,True,0.2443361749060012,0.0,1,2,0.0,0.39856914303736746,0.1704413983970899,0.13929806060881905,0.3441661396398174,0.8523416104509072,0.7463700595912948
