experiment_tag,time_to_reach_goal,path_length,cumulative_heading_changes,avg_distance_to_closest_person,minimum_distance_to_people,completed,minimum_distance_to_target,final_distance_to_target,robot_on_person_collision,person_on_robot_collision,time_not_moving,avg_robot_linear_speed,avg_robot_angular_speed,avg_robot_acceleration,avg_robot_jerk,avg_pedestrian_velocity,avg_closest_pedestrian_velocity
2_0,21.509726719000003,9.257403604741897,1.1358812569207082,5.101269373650359,1.1140712480425412,True,0.04455253530220953,0.0,0,0,0.5002262027674419,0.41987401466986113,0.05298035129353824,0.13641410518789468,0.4864987651290424,1.0203119634197582,1.108295240710643
2_1,21.869569203,9.302718161002314,1.123469326820858,4.093454396530525,0.059439227695834096,True,0.0592802927493791,0.0,0,0,0.4970356637045455,0.4216490713831319,0.05677497414865606,0.07078983474228132,0.1115362634763662,0.7874125298149183,0.7127013714655984
2_2,21.749842547999997,9.244749428861876,1.1216942367539713,4.265919550637837,0.0,True,0.034048885320136564,0.0,0,1,0.5058102918139534,0.43048019661556436,0.05777350421450054,0.15490190964877454,0.44298864528516196,0.9364068263279214,0.9101397622007684
2_3,21.399000829000006,9.318979194697404,1.1700161352217973,4.159876546925492,0.0,True,0.007037110616725084,0.0,0,1,0.0,0.4216697744179783,0.06077002850147966,0.10175370103975766,0.33512553034339015,0.9221282586513063,0.8545075312676567
2_4,20.457210012999997,9.334270985412816,1.1485353166963739,4.519999394466931,0.0,True,0.0828416048737592,0.0,0,2,0.49895634178048776,0.44422436903286977,0.06240652557497032,0.13530814298203153,0.4492937214457921,0.9632560944021522,0.9282361300593933
