experiment_tag,time_to_reach_goal,path_length,cumulative_heading_changes,avg_distance_to_closest_person,minimum_distance_to_people,completed,minimum_distance_to_target,final_distance_to_target,robot_on_person_collision,person_on_robot_collision,time_not_moving,avg_robot_linear_speed,avg_robot_angular_speed,avg_robot_acceleration,avg_robot_jerk,avg_pedestrian_velocity,avg_closest_pedestrian_velocity
7_0,24.40826573399999,10.991465422655017,0.8506573125252332,3.8931948399005107,1.5531395583205563,True,0.3238733587200919,0.3238733587200919,0,0,0.0,0.4500107821333551,0.038785617562735526,0.0383237424434362,0.11816958939488025,1.0765823605415736,1.0372580790667156
7_1,23.207257906,10.907267760034973,0.8150337633062557,4.100064756814629,1.460633685612954,True,0.41306028479862555,0.41306028479862555,0,0,0.0,0.4648673088364418,0.03671474411825761,0.06427781562907894,0.21484783869747334,0.8076591145141863,0.7773167728889704
7_2,23.220504656999992,10.894978206172127,0.8122831566656039,3.9698183403266745,1.4623390599130324,True,0.4261283587491177,0.4261283587491177,0,0,0.0,0.459266080008968,0.03417632707322179,0.41909047039438796,1.0580114443124167,1.0641362312468017,1.035251514118809
7_3,23.209756414000008,10.890880537240253,0.9577334378619913,3.885225411065751,1.4956808848009477,True,0.43340954964609085,0.43340954964609085,0,0,0.0,0.46150796386898263,0.04036109369008589,0.16420442534060872,0.6531718743117432,1.096717441429465,1.1032561488781105
7_4,23.430162562,11.034881899817817,0.8128459209873311,3.8597239107012906,1.6201874265257685,True,0.27476301400017644,0.27476301400017644,0,0,0.0,0.46162261750670613,0.041176572140807624,0.3336222082541995,1.4924022077177403,1.0456193438465256,1.0633856279156193
