experiment_tag,time_to_reach_goal,path_length,cumulative_heading_changes,avg_distance_to_closest_person,minimum_distance_to_people,completed,minimum_distance_to_target,final_distance_to_target,robot_on_person_collision,person_on_robot_collision,time_not_moving,avg_robot_linear_speed,avg_robot_angular_speed,avg_robot_acceleration,avg_robot_jerk,avg_pedestrian_velocity,avg_closest_pedestrian_velocity
4_0,20.239030197999995,8.488812729353164,1.6165830967095034,2.3595642161217922,0.22368414869035713,True,0.25740790072657654,0.2577759822205084,0,0,0.5059757549499999,0.4127232483550561,0.08293382786353715,0.11636065345665737,0.20008834346947277,1.000577940527519,1.0403066320626293
4_1,20.529964639999992,8.485631640944455,1.7773261288934208,3.31107630928282,0.6932098099120065,True,0.25287243507278734,0.25323626463402044,0,0,0.5007308448780486,0.4011786773077085,0.0812544694192133,0.3688925140900575,1.3827227477624178,1.013418687925244,1.0411771521847168
4_2,20.779662459999997,8.497082955346993,1.7262438284533053,3.0525635463793592,0.4866645185041334,True,0.30998359909822215,0.31059055025061677,0,0,0.494753868095238,0.40195805997319983,0.08769058893512746,0.18292499686311342,0.6217478559396777,1.0286958183312458,1.0537889687696245
4_3,19.506465195,8.613765316911795,1.9882628982672794,2.2460806208955173,0.0,True,0.36798367133707494,0.368159451472701,0,1,0.0,0.4276377508522476,0.11477350062617486,0.12268333639002023,0.33627471619026444,1.0181264131516172,1.0950936942554885
4_4,19.66538101600001,8.455645442326182,1.7992772368478573,2.1720782601856983,0.0,True,0.30789376853306294,0.30806372713485863,0,0,0.5042405388717951,0.42303181453799565,0.09319568306725394,0.04022000794675417,0.030689648675596936,0.9650968687807284,0.8907806368129275
