experiment_tag,time_to_reach_goal,path_length,cumulative_heading_changes,avg_distance_to_closest_person,minimum_distance_to_people,completed,minimum_distance_to_target,final_distance_to_target,robot_on_person_collision,person_on_robot_collision,time_not_moving,avg_robot_linear_speed,avg_robot_angular_speed,avg_robot_acceleration,avg_robot_jerk,avg_pedestrian_velocity,avg_closest_pedestrian_velocity
8_0,21.059676199,9.303090157110532,1.2225523088278512,2.421060759368723,0.0,True,0.06775279321771656,0.0,1,0,0.5014208618809524,0.4331454268911454,0.06126013944918118,0.30763610804061226,0.9693427313754815,1.0188640008334695,0.9713346759814669
8_1,23.312378151999997,9.422757815929705,2.8166678882129177,1.256131709975211,0.0,True,0.006544853146029581,0.0,0,3,0.496008045787234,0.39310982681422946,0.12238364890876648,0.05330019419381407,0.08316281047006574,1.0992293942328233,1.0233118335922091
8_2,22.320177426999997,9.372228787262888,2.1312398082779085,1.8848265627675644,0.0,True,0.026176871518672488,0.0,0,3,0.49600394282222215,0.4074874769810761,0.10150304584120247,0.04302703032396204,0.05349220010816185,1.0258286034006503,1.0146044438427047
8_3,22.002719475000003,9.44884904639266,3.3494577000190753,1.921799664127852,0.0,True,0.02385727126875756,0.0,0,2,0.5000618062500001,0.4274838334333697,0.16199730841923599,0.1265986544694505,0.3210077063220287,1.0716383329295145,1.0051719144784872
8_4,22.438701020999996,9.275467490711465,1.6188506051502967,1.225579638606822,0.0,True,0.017790475168675157,0.0,0,4,0.4986378004666666,0.405640262420948,0.06927037929003105,0.07619406000927516,0.2323566909834377,1.002631613242792,1.0344979776858714
