experiment_tag,time_to_reach_goal,path_length,cumulative_heading_changes,avg_distance_to_closest_person,minimum_distance_to_people,completed,minimum_distance_to_target,final_distance_to_target,robot_on_person_collision,person_on_robot_collision,time_not_moving,avg_robot_linear_speed,avg_robot_angular_speed,avg_robot_acceleration,avg_robot_jerk,avg_pedestrian_velocity,avg_closest_pedestrian_velocity
5_0,21.630105631,9.357588857841337,2.3341550268301603,0.3239179440106405,0.0,True,0.02307117162645237,0.0,3,3,0.0,0.43482587755627544,0.11368095730123128,0.2181084380248359,0.7258509170019691,0.9073651187172359,0.7383067521235742
5_1,21.949437519999996,9.709732300654538,3.66804200791115,0.9059079570111491,0.0,True,0.030152144970837094,0.0,0,5,0.49885085272727264,0.4254401988439222,0.18600195671661165,0.2324326929154153,0.6898701068850018,0.9671595204529801,1.0114324468273004
5_2,24.992472750000005,10.272910293864298,5.039149418242882,1.317732744384214,0.0,False,0.03582117324693321,0.0,1,4,0.0,0.4050018110521668,0.22705567785385714,0.6392284191269227,1.6868171571473258,0.9762129661917496,0.9429783113105108
5_3,22.959017982999995,9.447261692334276,2.2782408540404826,0.4087793216890734,0.0,True,0.06343969680130665,0.0,0,5,0.0,0.39928980106942114,0.0978142595749078,0.29927627793600914,1.102294059824047,0.6185631130362643,0.6761183635748226
5_4,23.47795897199999,9.870892757705894,3.360413513762639,1.1963797265248821,0.0,True,0.027062556885236518,0.0,0,7,0.0,0.4227396874959772,0.1621220076573149,0.2281881565575881,0.7062687579917307,0.9792295105727632,0.9592558261558634
