experiment_tag,time_to_reach_goal,path_length,cumulative_heading_changes,avg_distance_to_closest_person,minimum_distance_to_people,completed,minimum_distance_to_target,final_distance_to_target,robot_on_person_collision,person_on_robot_collision,time_not_moving,avg_robot_linear_speed,avg_robot_angular_speed,avg_robot_acceleration,avg_robot_jerk,avg_pedestrian_velocity,avg_closest_pedestrian_velocity
7_0,24.20868417,11.122851128349206,1.285956891225068,0.905360058647152,0.0,True,0.33713011047040975,0.33713011047040975,0,2,0.0,0.4667059834665935,0.06208422969548205,0.07133682809059226,0.21362120708251667,1.0586820248392705,0.9055780862984653
7_1,24.879925514,11.401997155048035,2.0082915452079924,0.9753090572838695,0.0,True,0.29754062517468965,0.29754062517468965,0,2,0.49759851028,0.45717596630286933,0.08546758515421553,0.2697826752576125,0.6117753530442355,0.9858036070724503,0.7673120086415842
7_2,26.059883566999993,11.713155114966575,4.0687245995652095,0.6159942836204978,0.0,True,0.3053015831900743,0.3053015831900743,1,2,0.0,0.439558239851512,0.1767487279588984,0.42878508449265557,1.5459588257884342,0.9267725478141262,0.8981552628823681
7_3,25.140536530000002,11.291895254073186,3.282766627630453,1.600751471590007,0.0,True,0.2184945720550239,0.0,1,2,0.0,0.45537079262542357,0.14814751391819758,0.48024592738006805,1.646892490739126,1.0838057866160313,1.1353152997950773
7_4,25.389553601,11.22598493319132,3.7275336713006264,2.0208088407634976,0.0,True,0.33916534935620385,0.33916534935620385,1,5,0.4978343843333333,0.41884569908115155,0.161651203397249,0.1261594535869284,0.36374326714321586,0.9336560078298765,0.9778220859439924
