experiment_tag,time_to_reach_goal,path_length,cumulative_heading_changes,avg_distance_to_closest_person,minimum_distance_to_people,completed,minimum_distance_to_target,final_distance_to_target,robot_on_person_collision,person_on_robot_collision,time_not_moving,avg_robot_linear_speed,avg_robot_angular_speed,avg_robot_acceleration,avg_robot_jerk,avg_pedestrian_velocity,avg_closest_pedestrian_velocity
7_0,24.157125610999998,9.55459617650612,3.9786029921660417,1.345219116075492,0.0,True,0.07936088402084222,0.0,0,4,0.5032734502291666,0.3889105102705787,0.18735130229008468,0.30829914400106095,0.7977803667322062,0.6457157336129907,0.7346542714163629
7_1,21.910311678000003,9.302713255656135,1.3812568156216702,1.705823125608307,0.0,True,0.0481145970161836,0.0,0,6,0.0,0.41055978630141965,0.0602977997727999,0.0488345413545001,0.12102523594011777,0.8658283140643811,0.892286048193446
7_2,21.880017677999994,9.33879951946462,2.7956826644705806,1.15074341368916,0.0,True,0.02341711953504789,0.0,0,6,0.0,0.42558904281849536,0.16335402591816303,0.24282394314089314,0.7915666237471154,0.9170624800994727,0.8875169630455974
7_3,25.019208034000002,9.42512415227863,4.526493325747059,1.263998906048498,0.0,False,0.15713454494659984,0.0,0,1,0.50038416068,0.3757423476571853,0.2014189281733466,0.22238515891937294,0.6220021960348947,1.0082237660503817,0.9746133967811628
7_4,22.889670443000004,9.319342284643986,2.753331010814263,1.2788489312997198,0.0,True,0.07584752577843194,0.0,2,1,0.4976015313695653,0.3995184240612252,0.12828686439323236,0.2472789431500936,1.1320971751786018,1.0553010342286058,1.0012117707550723
