experiment_tag,time_to_reach_goal,path_length,cumulative_heading_changes,avg_distance_to_closest_person,minimum_distance_to_people,completed,minimum_distance_to_target,final_distance_to_target,robot_on_person_collision,person_on_robot_collision,time_not_moving,avg_robot_linear_speed,avg_robot_angular_speed,avg_robot_acceleration,avg_robot_jerk,avg_pedestrian_velocity,avg_closest_pedestrian_velocity
4_0,22.106845099999997,9.286636554189673,1.3027381924882033,0.7087448441895493,0.0,True,0.0392880356255617,0.0,0,2,0.5024282977272727,0.41903255730435157,0.05739620046227257,0.0745726014022325,0.22899204121448855,0.9868550674804675,0.7386125285467244
4_1,22.207280843999992,9.459248665437281,1.5680503857767842,2.5230346344028396,0.0,True,0.026944070882763363,0.0,2,2,0.0,0.43349012272200654,0.08255696642796308,0.08474055126065151,0.24754439025040859,1.2358870526792853,1.258068892923969
4_2,21.96997246299999,9.764429779898318,3.2986187627829873,1.8214925042276877,0.0,True,0.11985960086298622,0.0,0,6,0.0,0.44473133764337364,0.1766380819937293,0.5115342426449639,1.6300861669123494,1.1051728596721502,1.0968822338277753
4_3,21.257627421000002,9.30108111484624,1.2975496104114033,0.5878526966178137,0.0,True,0.02704915704417831,0.0,0,7,0.4943634283953489,0.42285968229815035,0.06915563404908959,0.2618682814994061,3.304412954388251,0.9501564841838056,0.820081896630889
4_4,20.988990177999998,9.486018782145297,2.298219657083882,1.6701840145062787,0.0,True,0.026288442338191737,0.0,0,4,0.49973786138095233,0.44077887313240083,0.11856856476161107,0.6243674751970107,1.9002593856021877,1.1657678082205236,1.1271473685650106
