experiment_tag,time_to_reach_goal,path_length,cumulative_heading_changes,avg_distance_to_closest_person,minimum_distance_to_people,completed,minimum_distance_to_target,final_distance_to_target,robot_on_person_collision,person_on_robot_collision,time_not_moving,avg_robot_linear_speed,avg_robot_angular_speed,avg_robot_acceleration,avg_robot_jerk,avg_pedestrian_velocity,avg_closest_pedestrian_velocity
0_0,24.857866893000004,11.087543562820757,1.1734190555098531,1.5345533646271654,0.0,True,0.2980825504857509,0.2980825504857509,3,2,0.4971573378600001,0.44325226166891757,0.0550001144539052,0.13592055860831065,0.49338461666311484,1.0370364689394367,0.930808419457766
0_1,25.676792069999994,11.054774124975896,1.5905392290788858,2.3938872559037017,0.0,True,0.3655687611940483,0.3655687611940483,0,4,1.006933022352941,0.43042289144472934,0.0671450348050353,0.3538101659764107,0.792967062395013,1.2093785584150647,1.1454361430880502
0_2,24.54917246200001,11.162328140388855,2.3753240628967744,1.4173754729479657,0.0,True,0.34037292688531395,0.34037292688531395,0,5,0.0,0.44593246534382236,0.11856806870168769,0.18389461943490915,0.417263229963397,1.2110487351987433,1.1849696932304976
0_3,24.05782157299999,11.066796044478073,1.6017027300598814,0.6743001355423385,0.0,True,0.34014083415743707,0.34014083415743707,0,1,0.0,0.4636130558799041,0.08490251764295682,0.1809814008073436,0.5357745140212701,0.8525483814902155,0.6724844733074642
0_4,24.007584078999994,11.09662368047709,2.1508677262978537,2.5435937285712424,0.0,True,0.31923432979101973,0.31923432979101973,0,4,0.0,0.4520710517946111,0.09765715820445979,0.5058027455078743,1.8267535044240446,1.060444171692393,0.9952864381774456
