experiment_tag,time_to_reach_goal,path_length,cumulative_heading_changes,avg_distance_to_closest_person,minimum_distance_to_people,completed,minimum_distance_to_target,final_distance_to_target,robot_on_person_collision,person_on_robot_collision,time_not_moving,avg_robot_linear_speed,avg_robot_angular_speed,avg_robot_acceleration,avg_robot_jerk,avg_pedestrian_velocity,avg_closest_pedestrian_velocity
3_0,21.957758735000002,9.537651967975208,1.9753151025904305,2.5453815320490585,0.6212033278148896,True,0.028204904353370447,0.0,0,0,0.0,0.4245864170289407,0.090129868214992,0.12234188354194114,0.36999884926953663,0.713675052588149,0.4677274686238928
3_1,21.289012236999998,9.376455419100527,1.7440652580219362,2.4865705974601027,0.5244070544324795,True,0.08987795520691973,0.0,0,0,0.49509330783720923,0.4256869047031131,0.08710919177248104,0.11340360767447975,0.3402996197934852,0.7630026361283702,0.551662597549356
3_2,21.770750729,9.398522591676723,2.1509461048623235,1.761798391200393,0.34127255163484316,True,0.037560647021329316,0.0,0,0,1.0125930571627906,0.42286102164778844,0.09672942702580557,0.3726295441425331,1.2189181421203823,0.7961000827367506,0.8537085952738401
3_3,22.319997427999997,9.379258888966977,1.7864710793870238,1.6964091398441339,0.02438976322380304,True,0.0698875185009756,0.0,0,0,0.4959999428444444,0.4090665928573271,0.08619032766673883,0.10644183064107411,0.3156912201767067,0.8782842777464976,0.719295271493342
3_4,22.970422841,9.543862871665146,2.347936782778961,1.5570912040153124,0.0,True,0.052294584801331964,0.0,3,1,0.0,0.41534829318947886,0.11149475637342413,0.3412226881183895,1.2469751391121522,0.7811454414322523,0.6679477825128085
