experiment_tag,time_to_reach_goal,path_length,cumulative_heading_changes,avg_distance_to_closest_person,minimum_distance_to_people,completed,minimum_distance_to_target,final_distance_to_target,robot_on_person_collision,person_on_robot_collision,time_not_moving,avg_robot_linear_speed,avg_robot_angular_speed,avg_robot_acceleration,avg_robot_jerk,avg_pedestrian_velocity,avg_closest_pedestrian_velocity
9_0,19.809221901999997,8.454242315201334,1.8554464258280858,2.987793213972949,1.0644168656155855,True,0.31828331816009303,0.3184723039948689,0,0,0.0,0.4075857295936371,0.09189096159167555,0.09452940885589474,0.2746056430627888,1.0416348244518416,1.0777739828813173
9_1,20.409553976000005,8.450247068459031,1.839304090394315,3.397676540552032,0.9273082505210419,True,0.3225791374081144,0.3228035662531921,0,0,0.49779399941463426,0.4138563796028344,0.0912580106089551,0.46839068312243815,1.8800278821567014,0.9871413137771747,0.9254410241092207
9_2,20.088316767999995,8.488961708819673,1.9283559321671646,2.3795984875062093,0.20690802497405347,True,0.38153520063951046,0.38193279436333233,0,0,0.0,0.4119238873545201,0.0941386177758711,0.12278096499000928,0.38558512717476956,1.1239192171539791,1.204845359168159
9_3,20.647489100999998,8.461456198129241,1.886626789709052,2.4275390502159246,0.07264422295182582,True,0.340442093999948,0.34077569047372136,0,0,0.5035972951463414,0.4146412259395427,0.0937746955911822,0.06937263041005616,0.15657416384657527,1.120520136201438,1.2083875787805975
9_4,20.207607344999992,8.447810756513071,1.8947145583763914,2.3814272908613963,0.0,True,0.34659166913333106,0.3469524868396,2,0,0.0,0.40823990011753164,0.10087688220554614,0.06723022851420414,0.16238209851926633,1.170134762444292,1.2089811578467216
