experiment_tag,time_to_reach_goal,path_length,cumulative_heading_changes,avg_distance_to_closest_person,minimum_distance_to_people,completed,minimum_distance_to_target,final_distance_to_target,robot_on_person_collision,person_on_robot_collision,time_not_moving,avg_robot_linear_speed,avg_robot_angular_speed,avg_robot_acceleration,avg_robot_jerk,avg_pedestrian_velocity,avg_closest_pedestrian_velocity
4_0,20.357271887000003,8.463390886050318,1.8344554401980848,3.3943741209428215,0.0,True,0.30242407534319676,0.3026344924553828,0,0,0.4965188265121952,0.41213366970432297,0.08970311944602041,0.09334445244130447,0.280010062064076,1.1605816704964684,1.2316159818325094
4_1,19.728149237999993,8.444979174677108,1.859863806823729,2.4199080267316235,0.0,True,0.348290191440872,0.3484683401179046,0,0,0.5058499804615383,0.4243445198256769,0.09677794980693369,0.04154397960239575,0.049404452350968485,1.1398014993401593,1.2104882646060215
4_2,19.50739394,8.476699762462589,1.8912669233287978,2.2112353236335203,0.0,True,0.308221781518469,0.3083685610125634,0,2,0.0,0.42303200774531435,0.09880049206879812,0.13010095951988065,0.2869700919112237,1.0876644458263938,1.1422897735074597
4_3,19.730311409,8.432587904110205,1.7923566169753924,2.232118074016433,0.0,True,0.3084791757383417,0.3086559391631541,1,0,0.0,0.4264910295076504,0.09323977930656416,0.06951407446310127,0.1660183435856219,1.0370657444312514,1.0636693049092374
4_4,20.505916475000003,8.44213097867234,1.9099322146714885,1.4907618573535655,0.0,True,0.34338058908404107,0.34366506302256766,0,1,0.0,0.4091678484219984,0.09753851391618028,0.09285984422577555,0.2682622805238118,0.8455940145088008,0.6788797748570696
