experiment_tag,time_to_reach_goal,path_length,cumulative_heading_changes,avg_distance_to_closest_person,minimum_distance_to_people,completed,minimum_distance_to_target,final_distance_to_target,robot_on_person_collision,person_on_robot_collision,time_not_moving,avg_robot_linear_speed,avg_robot_angular_speed,avg_robot_acceleration,avg_robot_jerk,avg_pedestrian_velocity,avg_closest_pedestrian_velocity
9_0,23.857137551000005,10.94748061270213,0.9418146531262583,3.475320694968945,0.0,True,0.3765932128354178,0.3765932128354178,0,1,0.0,0.45717014006215445,0.04487940614974921,0.3254024121469511,4.384856990743363,1.0985271387621516,1.0957323168416881
9_1,23.729936647,10.983231955214851,0.8069242096738316,3.84661694586735,0.0,True,0.3319227737624608,0.3319227737624608,0,2,0.5048922690851063,0.45668879892575953,0.038677502954803995,0.21759354797608751,0.739863097617305,1.0065146450985225,1.0041047049246588
9_2,23.22998971299999,10.891576832523905,0.8989889729134726,4.0772170871771065,0.0,True,0.4315894623896406,0.4315894623896406,1,0,0.0,0.462349101826648,0.04035713278727276,0.04197558210103565,0.11643234228708636,0.9124416243535145,0.8562978978769046
9_3,23.460258045,11.007188820335791,0.9276190211111999,3.4409295751959803,0.0,True,0.31610774612936604,0.31610774612936604,0,2,0.0,0.4599783858894264,0.04228470119122426,0.21393972022430996,0.5705164011884578,1.1683914895818222,1.2284843829973393
9_4,23.556627356,10.984083684905086,0.8895847425117753,4.357561082563778,0.0,True,0.3228018191061895,0.3228018191061895,0,1,0.5012048373617021,0.4572368479866878,0.03868138245421134,0.22584325835862376,0.8249015285645898,0.8681384924140164,0.7671205126339671
