experiment_tag,time_to_reach_goal,path_length,cumulative_heading_changes,avg_distance_to_closest_person,minimum_distance_to_people,completed,minimum_distance_to_target,final_distance_to_target,robot_on_person_collision,person_on_robot_collision,time_not_moving,avg_robot_linear_speed,avg_robot_angular_speed,avg_robot_acceleration,avg_robot_jerk,avg_pedestrian_velocity,avg_closest_pedestrian_velocity
7_0,21.830126449,8.587200942913753,2.3131107898314247,0.4544995444318749,0.0,True,0.31145704150590625,0.31188960818817335,4,1,0.0,0.38467367036000005,0.11590324637999196,0.3633106784748483,0.7873610145127107,0.693130099302543,0.6524474256352799
7_1,23.259910283000014,9.32488028792236,3.17590037775148,2.393549621498447,0.0,True,0.2723906445320847,0.27295286671526275,1,2,0.0,0.39737225483003086,0.14578506400867228,0.34608091187175155,1.182235556271142,0.7471529968660673,0.8085562758318549
7_2,22.718766016,9.068940600445858,2.7247303248904786,2.4023037382020185,0.0,True,0.28242498934143023,0.2828837103755019,2,3,0.5048614670222222,0.39776083398848205,0.12173774030785334,0.5035692912537887,1.7155410077625624,0.7917882633692692,0.7835497483435286
7_3,25.018295881000004,3.8654287658752127,6.469040502862227,0.5148344318491328,0.0,False,6.168287281815945,6.168287281815945,1,8,1.00073183524,0.17166370385113222,0.38091122713948516,0.8783717284916723,1.8346124920881344,0.8767027112627815,0.8540351819532029
7_4,23.069994504999997,9.40051302449509,3.559238116414364,2.2086239616433256,0.0,True,0.27332247748608285,0.2740257215390317,1,9,0.0,0.397989538038571,0.1811182974940683,0.29197579912283717,0.9068579464842277,0.9130774470262261,0.9548392698040081
