experiment_tag,time_to_reach_goal,path_length,cumulative_heading_changes,avg_distance_to_closest_person,minimum_distance_to_people,completed,minimum_distance_to_target,final_distance_to_target,robot_on_person_collision,person_on_robot_collision,time_not_moving,avg_robot_linear_speed,avg_robot_angular_speed,avg_robot_acceleration,avg_robot_jerk,avg_pedestrian_velocity,avg_closest_pedestrian_velocity
5_0,33.819666862000005,14.5816223141949,3.091508236471063,2.2031864619832846,0.0,True,0.33617322528651367,0.33617322528651367,1,5,0.0,0.4318131988357221,0.09555962826972465,0.29956602729631243,1.0931323375663122,1.2345075239450527,1.2094386484573223
5_1,31.391756564,14.405651931724806,1.4775895979823748,2.9408960462456473,0.0,True,0.35036204476718097,0.35036204476718097,0,7,0.5063186542580645,0.4547793696007435,0.05624100203761181,0.2886616315934841,1.0883408335588416,1.275324263300022,1.303700198808956
5_2,30.780006194999995,14.418196765697733,1.670608973474061,2.105029883819987,0.0,True,0.3896982514968799,0.3896982514968799,0,3,0.5045902654918032,0.4595791499778255,0.051629539910785824,0.04269688071036668,0.11549238191812893,0.9948506823435436,1.0398651796720053
5_3,31.891270189999997,14.47955407276085,1.8624235246905014,2.2749783558752403,0.0,True,0.3657763503904646,0.3657763503904646,1,3,0.0,0.46064139206344584,0.06400099568792238,0.02841916429610624,0.038213618273447346,1.0515563837036117,1.064883281588408
5_4,30.500267843999996,14.433956485731795,0.9730782272116163,3.1447098383813175,0.0,True,0.37564640599565874,0.37564640599565874,1,3,0.0,0.4694417262136785,0.03441175333063223,0.015410209121830764,0.026204845195238538,1.1523392630862481,1.1836790807474633
