experiment_tag,time_to_reach_goal,path_length,cumulative_heading_changes,avg_distance_to_closest_person,minimum_distance_to_people,completed,minimum_distance_to_target,final_distance_to_target,robot_on_person_collision,person_on_robot_collision,time_not_moving,avg_robot_linear_speed,avg_robot_angular_speed,avg_robot_acceleration,avg_robot_jerk,avg_pedestrian_velocity,avg_closest_pedestrian_velocity
0_0,20.649864419,8.443773577025718,2.251115699853823,6.120668662564498,0.0,True,0.3252673122291734,0.3255722290259815,0,2,0.5036552297317073,0.41276198179900564,0.10290526697363685,0.44174882225210876,0.643597743722589,0.7556467156365346,0.8884747617510432
0_1,19.699187836000004,8.438954106846632,2.126780764434124,5.684648080670231,0.0,True,0.35338545568873836,0.3534742875582019,0,2,0.0,0.43125272984758267,0.11723085413058261,0.10931965499490046,0.3056355449415407,0.714382816236723,0.7711452016470868
0_2,20.407940619,8.475112875618601,2.0782204299560565,1.6131370621648062,0.0,True,0.32603974876419733,0.3263076534306351,0,2,0.0,0.408537728096197,0.103817523726055,0.236684385467681,0.8409775236268494,1.0218162150951495,0.9764344857264395
0_3,19.859982354999996,8.450110418866819,2.181193312380098,1.7277241196106057,0.0,True,0.3381582153397573,0.3384100238995445,0,1,0.4964995588749999,0.4125589412401599,0.10703230717550312,0.10379699200860086,0.2849795433664811,1.1351440957130148,1.1371079657274015
0_4,20.406223653999994,8.44072206399107,2.119373311671629,1.6572503015469418,0.0,True,0.329615167713902,0.3298316035259872,0,2,0.0,0.40477793406829726,0.11416350561941545,0.1287061851828385,0.39384994613068325,1.0568985806348177,1.000404931279399
