experiment_tag,time_to_reach_goal,path_length,cumulative_heading_changes,avg_distance_to_closest_person,minimum_distance_to_people,completed,minimum_distance_to_target,final_distance_to_target,robot_on_person_collision,person_on_robot_collision,time_not_moving,avg_robot_linear_speed,avg_robot_angular_speed,avg_robot_acceleration,avg_robot_jerk,avg_pedestrian_velocity,avg_closest_pedestrian_velocity
0_0,31.13079765099999,14.393653195658356,1.1171482424517172,2.5081429886781614,0.0,True,0.40070454011789525,0.40070454011789525,0,3,0.0,0.46710775005046906,0.03783757206764639,0.38911599621735143,1.408839266846223,0.7744076580330164,0.82494354351253
0_1,30.979929313,14.442274764119208,1.3420301931362646,3.3017929488125324,0.0,True,0.3347616833378741,0.3347616833378741,2,4,0.4996762792419355,0.4596954342766474,0.049431559087188354,0.46974824704674656,1.0289754899596255,1.019438596182808,1.0212499351087552
0_2,31.139708820000003,14.332085864843567,0.8439313125420815,0.5404778014144747,0.0,True,0.35493574270142836,0.35493574270142836,9,1,0.5022533680645161,0.46021339240329534,0.03302724602528455,0.3223531344580197,0.8665037145090623,0.8479797585018582,0.6582602427562673
0_3,32.97996470300001,14.4886353514331,1.4649693291267183,2.7583571443221566,0.0,True,0.392808849204295,0.392808849204295,1,3,0.0,0.4355066526207397,0.04999365132747529,0.16851015953047388,0.6158422312757558,1.0886280492028222,1.0359728190172757
0_4,32.32986559699999,14.467874061594687,1.459854781887619,2.3540143074586837,0.0,True,0.39181021087136675,0.39181021087136675,1,3,0.5051541499531248,0.45597877544570126,0.04440003198648562,0.05432529280888747,0.16874625854480735,0.9339293764472223,0.9355162343198757
