experiment_tag,time_to_reach_goal,path_length,cumulative_heading_changes,avg_distance_to_closest_person,minimum_distance_to_people,completed,minimum_distance_to_target,final_distance_to_target,robot_on_person_collision,person_on_robot_collision,time_not_moving,avg_robot_linear_speed,avg_robot_angular_speed,avg_robot_acceleration,avg_robot_jerk,avg_pedestrian_velocity,avg_closest_pedestrian_velocity
7_0,25.889424019999993,11.11146139528697,3.2979239548754338,0.5625559823341307,0.0,True,0.38184519273522693,0.38184519273522693,1,2,0.4978735388461537,0.4195010173502756,0.14200433176124774,0.7611981107501579,2.610576573388935,1.0178971153092902,0.877830055452013
7_1,24.879122684000006,11.262401276455044,3.4788544213156904,1.941268717130846,0.0,True,0.3212244702165765,0.3212244702165765,1,2,0.4975824536800001,0.4445365911845182,0.15670212734790986,0.4367814272341631,1.702348979884387,1.1127262470098505,1.1148681690216073
7_2,24.319814067,11.156178252481551,2.1133838092301374,0.846608869456567,0.0,True,0.2985095841025484,0.2985095841025484,0,3,0.0,0.4527394840648306,0.09550186749934159,0.11207994527492697,0.33916813115007943,1.1290666579042625,1.0406566791400274
7_3,25.007381994000003,11.085626211053539,2.758937169524699,1.5746677205217117,0.0,True,0.3657897443305763,0.3657897443305763,0,2,0.0,0.44182666196850745,0.12299856260023997,0.1315335182217289,0.4024490475191168,0.5660357350510344,1.0326299647424395
7_4,23.818537613000007,11.13517448772901,2.631152791134162,0.9424371791461191,0.0,True,0.3607949517470921,0.3607949517470921,0,1,0.0,0.45703945479792774,0.11953919277007674,0.3815645963061914,1.3650379768888028,0.5724200341336528,1.0303410506278654
