experiment_tag,time_to_reach_goal,path_length,cumulative_heading_changes,avg_distance_to_closest_person,minimum_distance_to_people,completed,minimum_distance_to_target,final_distance_to_target,robot_on_person_collision,person_on_robot_collision,time_not_moving,avg_robot_linear_speed,avg_robot_angular_speed,avg_robot_acceleration,avg_robot_jerk,avg_pedestrian_velocity,avg_closest_pedestrian_velocity
5_0,20.396949976000002,8.538965574658238,1.6437255770458221,3.7486971672093716,0.1943047087465808,True,0.259792278323419,0.26016221913137066,0,0,0.0,0.40478907752956783,0.08688030663949842,0.061535772011548445,0.13268126551264622,1.1552305286956766,1.1722566633290827
5_1,20.506163339,8.534080818012177,1.619618245395543,3.626288924383734,0.1344196171633324,True,0.2757250005919634,0.27618280514083426,0,0,0.5001503253414634,0.40603528799291505,0.084985092435605,0.14174682301559247,0.44003915490714457,1.1098385855581676,1.118272771872137
5_2,20.557584632999994,8.50848533793817,1.7221337345394825,3.255755807252568,1.2451086921742727,True,0.3088895870698772,0.30940630860839996,0,0,0.5014045032439023,0.40854961951714347,0.0834286500969878,0.14268863520447758,0.3496484961339004,0.9346563118553795,0.8822821787884639
5_3,20.389974042999995,8.470598335507303,1.6612725896985112,3.3291687596157686,0.6171340568122219,True,0.26813322098521414,0.26848937987248916,0,0,0.4973164400731706,0.40713393549811466,0.0802891712651386,0.0591597127172108,0.13614870525843786,1.1357238997025239,1.1092614394080826
5_4,20.679882856,8.605148060170198,1.7106728321954678,4.335716040066725,1.0527461544450851,True,0.30172950455050085,0.3023657315249093,0,0,0.0,0.40730218078365626,0.08999319097661325,0.18932000177843147,0.5473739821553223,0.8797962592906904,0.9661525192735952
