experiment_tag,time_to_reach_goal,path_length,cumulative_heading_changes,avg_distance_to_closest_person,minimum_distance_to_people,completed,minimum_distance_to_target,final_distance_to_target,robot_on_person_collision,person_on_robot_collision,time_not_moving,avg_robot_linear_speed,avg_robot_angular_speed,avg_robot_acceleration,avg_robot_jerk,avg_pedestrian_velocity,avg_closest_pedestrian_velocity
3_0,30.560261538,14.360655745156134,1.0282456854977142,4.960457328120134,0.0,True,0.3766112347600909,0.3766112347600909,0,4,0.0,0.4694403490281444,0.03526675331172873,0.1440561636615871,0.3747690790616822,0.6384496256496344,1.0739042534799499
3_1,31.157721540999997,14.471826822549998,1.7707605915224183,2.2637375819054015,0.0,True,0.3716753078622649,0.3716753078622649,0,4,0.5025438958225806,0.4557285384852204,0.061725406586754274,0.09909690849660378,0.3229225429656562,0.835101967612704,0.9406245626769179
3_2,31.106323352000004,14.446828887862297,1.538969072548245,2.3599268962483726,0.0,True,0.3916435419039547,0.3916435419039547,0,4,0.0,0.46564411424104857,0.05291506205569319,0.023406578086570824,0.031923966726949846,1.060714138118902,1.0259324652696826
3_3,32.61007047299999,14.531824043689957,1.8231885239310093,1.0493463442674231,0.0,True,0.36275580915716216,0.36275580915716216,2,3,0.0,0.4394159698120031,0.059166318677662345,0.024554118969730903,0.03299476224648305,0.990692220129726,0.9615209219039169
3_4,34.066657248,14.513736909388003,2.0060173241325434,1.638765582449156,0.0,True,0.409695523660827,0.409695523660827,3,5,0.5009802536470588,0.4316683026595463,0.06232892038918022,0.3041953145172402,1.0971640884257476,0.6099599007125408,0.9534553455390784
