experiment_tag,time_to_reach_goal,path_length,cumulative_heading_changes,avg_distance_to_closest_person,minimum_distance_to_people,completed,minimum_distance_to_target,final_distance_to_target,robot_on_person_collision,person_on_robot_collision,time_not_moving,avg_robot_linear_speed,avg_robot_angular_speed,avg_robot_acceleration,avg_robot_jerk,avg_pedestrian_velocity,avg_closest_pedestrian_velocity
9_0,35.019655789,14.223038881581708,6.45935685099188,1.2617879297884462,0.0,False,0.8899700942668224,0.8899700942668224,1,2,1.5008423909571427,0.41289387340642925,0.20657186399046928,0.33502261976022496,1.340304291076401,0.9414880669967884,0.9170140925611987
9_1,34.405665558,14.450842275801639,3.178396898436085,0.41283548197351555,0.0,True,0.41768496785873815,0.41768496785873815,6,2,0.0,0.42211126319316844,0.1060098374392759,0.3118100041404799,1.1743259579503025,0.7977511424896289,0.6353532375135857
9_2,34.973095965,14.671066041581561,3.7640079215377495,1.0528975482949106,0.0,False,0.40182109274735833,0.40182109274735833,2,8,0.0,0.4215117512241312,0.13295218822711338,0.07941236701070702,0.18828785299193615,0.93915804919251,0.8377101056490285
9_3,32.507729783,14.893743139749514,2.723297883894934,1.1191276706334201,0.0,True,0.3816860220696705,0.3816860220696705,0,6,0.5001189197384616,0.44916548937198497,0.08615971025921941,0.3614258826085159,1.3399651069602876,1.0958258101956586,1.016245480525002
9_4,35.02123476400001,14.484985864164816,4.441752039340267,0.36359558414651805,0.0,False,0.5556408021546962,0.5556408021546962,2,17,0.0,0.42474442403415813,0.13413032168955677,0.23364980142446468,0.7979216938229582,0.8273051600815746,0.7580195575053132
