experiment_tag,time_to_reach_goal,path_length,cumulative_heading_changes,avg_distance_to_closest_person,minimum_distance_to_people,completed,minimum_distance_to_target,final_distance_to_target,robot_on_person_collision,person_on_robot_collision,time_not_moving,avg_robot_linear_speed,avg_robot_angular_speed,avg_robot_acceleration,avg_robot_jerk,avg_pedestrian_velocity,avg_closest_pedestrian_velocity
2_0,24.360247099999995,10.944074087852824,0.8438993442117386,3.7471395811631374,1.2645344802324394,True,0.3686256473554861,0.3686256473554861,0,0,0.0,0.4473792771487941,0.035036311523212016,0.1664751192075676,0.5472056225522475,0.9491616314812897,0.999317090823448
2_1,23.907858836,10.970963867742134,0.7794181250192231,3.1134635333122618,0.06776524391332317,True,0.34033768138364706,0.34033768138364706,0,0,0.49808039241666663,0.4462989652753667,0.03306415432298972,0.13258558471246032,0.4562526350206179,1.0121731391592934,1.039435921083778
2_2,23.209931045,10.91066006443344,0.8981653709305104,2.8445810983053854,0.0,True,0.4012160554479808,0.4012160554479808,2,2,0.5045637183695653,0.46458424959739214,0.03786027480250635,0.09090758575860815,0.31337523265919665,1.0384582373947142,0.9979510976596766
2_3,23.807576373000003,10.955865155736248,1.3187554868126878,3.537354618591654,1.007492719239132,True,0.3690571030577295,0.3690571030577295,0,0,0.0,0.45824486095463846,0.06366883552278975,0.21671875108039773,0.8154904292107142,1.0180706724863102,1.0007178584658778
2_4,25.220499112999995,11.02562877088079,1.5945861499360094,2.6815784780194907,0.0,True,0.3274587953713821,0.3274587953713821,2,1,0.0,0.44119675434307637,0.07291229584954664,0.05267352844112603,0.1348070085928167,0.9795426562519636,0.9390405138801586
