experiment_tag,time_to_reach_goal,path_length,cumulative_heading_changes,avg_distance_to_closest_person,minimum_distance_to_people,completed,minimum_distance_to_target,final_distance_to_target,robot_on_person_collision,person_on_robot_collision,time_not_moving,avg_robot_linear_speed,avg_robot_angular_speed,avg_robot_acceleration,avg_robot_jerk,avg_pedestrian_velocity,avg_closest_pedestrian_velocity
4_0,20.960504892999992,8.443778296680907,1.9200232786365832,1.5573838462221234,0.0,True,0.33796737375029223,0.3380964091967544,3,1,0.0,0.39277723298746064,0.10231787053616274,0.06603567884400417,0.1540632305994054,1.1597371872875484,1.2138850639437426
4_1,19.648892755000002,8.454609213455576,1.8242320667645084,3.2617777335641165,0.46800044742033986,True,0.3219990677130099,0.3221633557444074,0,0,0.503817762948718,0.42351646439104973,0.1033522543128373,0.37869674180253116,1.416790014354722,0.9534354714668242,1.0304220470691434
4_2,19.807494609,8.43154713267408,1.8100548450712952,3.3285616969321987,0.4808973030687782,True,0.3578609231611045,0.3581041497113429,0,0,0.0,0.41015745145506777,0.09925977229439835,0.1758063616513637,0.49970067147363223,0.9049863615903578,0.976130178608014
4_3,20.499672900999997,8.456530837025214,1.9350204765113945,2.019322550995518,0.0,True,0.31727690525338015,0.3177210453784577,1,1,0.49999202197560966,0.40384782286434795,0.09815399595615518,0.4128841249199291,1.5501894354108166,1.1136239544369066,1.1398079136447232
4_4,19.889214846999995,8.456448275116,1.8658012116227702,1.7489525905588041,0.0,True,0.32653434542773746,0.32675004516505207,2,3,0.49723037117499985,0.41127380650188267,0.10275931407411205,0.12529116788127986,0.38699866612466793,1.110068938657138,1.1213115456972331
