experiment_tag,time_to_reach_goal,path_length,cumulative_heading_changes,avg_distance_to_closest_person,minimum_distance_to_people,completed,minimum_distance_to_target,final_distance_to_target,robot_on_person_collision,person_on_robot_collision,time_not_moving,avg_robot_linear_speed,avg_robot_angular_speed,avg_robot_acceleration,avg_robot_jerk,avg_pedestrian_velocity,avg_closest_pedestrian_velocity
1_0,24.207694611,10.915087608698904,0.896809016901837,4.874749550050225,0.0,True,0.4068101151632783,0.4068101151632783,0,2,0.5043269710625,0.4564988499804962,0.033100214816771056,0.06341905103718495,0.20859174216751342,1.0205076362374275,1.1241994957546693
1_1,23.649856309999993,10.942082878727259,0.8490606896659187,5.139784542787461,0.0,True,0.37281209566299034,0.37281209566299034,0,2,0.0,0.45833957352203497,0.04581827255439352,0.11219457984276156,0.4099272203964707,0.5233930538471409,0.7039320119261436
1_2,23.358409659999992,10.959283556795326,0.8510319550174041,4.78013196438939,0.0,True,0.3492366600420662,0.3492366600420662,0,2,0.0,0.45888440532986047,0.03783674819409536,0.25544304727597983,0.8056209426148407,1.181239262658375,1.2789916159112633
1_3,23.739860650999997,11.01592231311823,0.848428359634438,4.826220146075916,0.0,True,0.3134582642403724,0.3134582642403724,0,2,0.0,0.44898945885409214,0.04218842166820918,0.08614739014605456,0.30769163127736826,1.029375769814499,1.1439707203328902
1_4,23.48646585100001,11.022880601984001,0.9490547877464173,4.561729016707965,0.0,True,0.2967021483266962,0.2967021483266962,0,2,0.4997120393829789,0.45778678617675933,0.046666787227177535,0.11264064691941715,0.3162405102231919,1.0700112364605936,1.1355362012278245
