experiment_tag,time_to_reach_goal,path_length,cumulative_heading_changes,avg_distance_to_closest_person,minimum_distance_to_people,completed,minimum_distance_to_target,final_distance_to_target,robot_on_person_collision,person_on_robot_collision,time_not_moving,avg_robot_linear_speed,avg_robot_angular_speed,avg_robot_acceleration,avg_robot_jerk,avg_pedestrian_velocity,avg_closest_pedestrian_velocity
6_0,19.868936110999996,8.455421555839944,1.8216598931542363,2.3910034077302975,0.9430682729465729,True,0.37628081431309035,0.3765688004392163,0,0,0.49672340277499993,0.4119152312224103,0.09635898972264904,0.20380612552879182,0.718037834179914,0.7139153737438267,0.5598186933204959
6_1,21.430326111999996,8.51591750274225,2.8394706581703213,3.534407724595407,0.07582967348687986,True,0.2633629869575835,0.2640958821387782,0,0,0.0,0.38984560301726695,0.14368872269772612,0.3887210176745893,1.4075777786327839,1.0810498976576215,1.1441844181712815
6_2,21.620348168999993,8.542734821232695,3.002402138976175,3.8402910392437817,0.0,True,0.27764232694779106,0.277808339728655,0,2,0.5027987946279068,0.3892428466016426,0.1394534832980983,0.6124339930691204,2.0888208584100343,1.1220267224018499,1.145648745189945
6_3,20.407364640999997,8.448294634580176,1.9189485664868813,1.8052975949320305,0.0,True,0.35072494455621817,0.35097826522831865,0,1,0.49774060099999995,0.41213400326853306,0.09848393192309307,0.4426052460730266,1.5500767868587,1.0838477531645203,0.9341448686201439
6_4,21.450053696,8.500919227861846,2.48432030652468,1.8379341511213019,0.06569604002468998,True,0.2966798297414941,0.29728647786493473,0,0,0.0,0.3911877341043751,0.12790810495296442,0.12950191537085726,0.37394445266779724,0.9930707938163521,0.8485105550644573
