experiment_tag,time_to_reach_goal,path_length,cumulative_heading_changes,avg_distance_to_closest_person,minimum_distance_to_people,completed,minimum_distance_to_target,final_distance_to_target,robot_on_person_collision,person_on_robot_collision,time_not_moving,avg_robot_linear_speed,avg_robot_angular_speed,avg_robot_acceleration,avg_robot_jerk,avg_pedestrian_velocity,avg_closest_pedestrian_velocity
2_0,22.059680820999994,9.539154044992301,2.130064953645171,1.2353411979179598,0.0,True,0.05496934425286834,0.0,4,4,0.0,0.4200462493994565,0.09537950533311802,0.11334454362750755,0.3427998437744321,1.1219316650708384,1.0764838209096759
2_1,22.370067783,9.698737649737044,2.3801790304210226,1.3720887306205078,0.0,True,0.035115224333226065,0.0,0,3,0.0,0.42077617394670525,0.11164120678387462,0.1471600015214361,0.2556852257484826,1.0585653631644147,1.0294026399930123
2_2,22.307751251999996,9.484792255311602,2.5412407647043653,1.77739985312303,0.0,True,0.043975612569594306,0.0,0,1,0.0,0.4186414813200931,0.12384487280124294,0.1465023602508392,0.43756373266190357,1.0404468298025036,0.9975431284628329
2_3,21.757622303,9.739412274695715,2.493005194008887,2.359889156604442,0.0,True,0.003867688498457882,0.0,0,2,0.0,0.45155332051936004,0.13710347955631555,0.14567205240267936,0.40318278855313033,1.102260319165971,1.1401184323210503
2_4,23.607376819,9.629752147152203,3.3215262299304755,1.8466940119392554,0.0,True,0.0785004918073531,0.0,0,3,0.5022846131702128,0.39984797351992185,0.1577816525519176,0.13355696899944774,0.35482072143845633,0.8733093910198284,0.8548812978529505
