experiment_tag,time_to_reach_goal,path_length,cumulative_heading_changes,avg_distance_to_closest_person,minimum_distance_to_people,completed,minimum_distance_to_target,final_distance_to_target,robot_on_person_collision,person_on_robot_collision,time_not_moving,avg_robot_linear_speed,avg_robot_angular_speed,avg_robot_acceleration,avg_robot_jerk,avg_pedestrian_velocity,avg_closest_pedestrian_velocity
0_0,30.251011310000006,14.309862538956684,0.3363035599172255,0.13508922155220132,0.0,True,0.36616993951379034,0.36616993951379034,15,1,0.0,0.4706647771812793,0.011876650658532797,0.024617554398571988,0.0893314128075695,0.5938145529501039,0.6124096772233258
0_1,31.94005105799999,14.461989502310825,1.7168439227663979,1.1882576011547357,0.0,True,0.4044495618469733,0.4044495618469733,21,3,0.49906329778124986,0.445059598275763,0.06649272283576976,0.09636765021835478,0.3193523170604247,0.8745235571805223,0.8801321099193556
0_2,30.229330705999992,14.301486447916723,0.28024257542544584,0.12802134687199293,0.0,True,0.3916535596150095,0.3916535596150095,27,1,0.0,0.4718520415338119,0.014035249173518515,0.024896948864478914,0.09117653847073268,0.6421803450401776,0.74301043175269
0_3,31.628517417999994,14.410715053741638,1.2784826323231364,2.9131813181650204,0.0,True,0.3629759050185683,0.3629759050185683,1,5,0.502039959015873,0.45261275695846415,0.04115627013619766,0.38177849950698783,1.4096221325315155,1.1922564511289981,1.1023598516839705
0_4,30.960218888000004,14.43419835097627,1.2862242568120101,4.254665621902075,0.0,True,0.348350375250798,0.348350375250798,0,7,0.0,0.4601100259130213,0.05016377590688324,0.10122083457535973,0.27448812571157366,1.1108140969312406,1.0998536649049788
