experiment_tag,time_to_reach_goal,path_length,cumulative_heading_changes,avg_distance_to_closest_person,minimum_distance_to_people,completed,minimum_distance_to_target,final_distance_to_target,robot_on_person_collision,person_on_robot_collision,time_not_moving,avg_robot_linear_speed,avg_robot_angular_speed,avg_robot_acceleration,avg_robot_jerk,avg_pedestrian_velocity,avg_closest_pedestrian_velocity
9_0,20.599663947999996,8.500559676126374,1.6487050435483108,1.277941267498134,0.09952468267965786,True,0.28836316344949364,0.28885902058765633,0,0,0.5024308279999999,0.40775903127392366,0.08684927571370932,0.22640133283698546,0.8196609604430826,0.7433286163990799,0.6431527087147197
9_1,20.057808936000004,8.564594860229217,2.65810664491782,1.0810233137613519,0.07030141177626903,True,0.38420402575942186,0.38428186707568235,0,0,0.0,0.41592252505502747,0.14449320594482884,0.23102660590642088,0.5170929039705127,0.9533962826610258,0.8972110631902992
9_2,20.60669546700001,8.517893279828828,2.44468971127008,1.054346601361253,0.0,True,0.3264219763505911,0.32676377432584036,0,2,0.5026023284634148,0.40884872565833763,0.1443561803178092,0.1627558615642035,0.474115879763028,0.9227304668632881,0.8706205721884169
9_3,21.306501909999998,8.678804238016577,2.0260284403968503,1.1538376836115554,0.0,True,0.2329615280773389,0.0,0,1,0.4955000444186046,0.3943227778602408,0.10151759803322427,0.11561843431076947,0.358342435920488,0.7568535760435675,0.5644305696796293
9_4,19.356172027999996,8.936627164770474,4.261761959034728,1.163579888208075,0.07515072207317586,True,0.42872185005538055,0.42872185005538055,0,0,0.0,0.44753087375872236,0.23251368739516884,0.5656942578137778,3.3881089627039693,0.8625897019034084,0.7877411379122525
