experiment_tag,time_to_reach_goal,path_length,cumulative_heading_changes,avg_distance_to_closest_person,minimum_distance_to_people,completed,minimum_distance_to_target,final_distance_to_target,robot_on_person_collision,person_on_robot_collision,time_not_moving,avg_robot_linear_speed,avg_robot_angular_speed,avg_robot_acceleration,avg_robot_jerk,avg_pedestrian_velocity,avg_closest_pedestrian_velocity
2_0,31.469271536,14.455754538497805,1.8678273693248686,2.010545517690187,0.0,True,0.34677347400064024,0.34677347400064024,2,3,0.4995122466031746,0.4476820121032659,0.058883689330943956,0.02771812835016903,0.0495028838373323,1.1091352211502443,1.126249016889265
2_1,31.057952548,14.42481169632039,1.0120671571327877,3.832513606471756,0.0,True,0.36437256070712765,0.36437256070712765,1,3,0.0,0.46292906254792004,0.03281917181904559,0.18968209295676158,0.9047669091218212,1.06874149110455,1.0314905752242878
2_2,30.658236602,14.408259079742205,1.0209652140449972,2.5006676616201435,0.0,True,0.3745346088704304,0.3745346088704304,0,2,0.0,0.46296833674473814,0.038870800844701674,0.18889922400286,0.7232943997212133,1.1006881608638537,1.0171111805868194
2_3,34.56121271599999,15.148427826223566,4.534614031266184,1.3426887827412584,0.0,True,0.3587455883703224,0.3587455883703224,1,5,0.0,0.43593175004440327,0.14058839025252548,0.2754982092770729,0.9169075586380201,0.7831768188921115,0.6018591658837594
2_4,30.329631990000003,14.390443322880285,1.1506663999038782,1.687317982123774,0.0,True,0.35162366716476573,0.35162366716476573,2,0,0.0,0.4693711735160212,0.03864826672741045,0.16104220960105983,0.6051790332624527,0.9379236968186004,0.861824236048731
