experiment_tag,time_to_reach_goal,path_length,cumulative_heading_changes,avg_distance_to_closest_person,minimum_distance_to_people,completed,minimum_distance_to_target,final_distance_to_target,robot_on_person_collision,person_on_robot_collision,time_not_moving,avg_robot_linear_speed,avg_robot_angular_speed,avg_robot_acceleration,avg_robot_jerk,avg_pedestrian_velocity,avg_closest_pedestrian_velocity
5_0,19.73956201,8.42319686982715,1.7364077298991352,2.6658671876016204,0.0,True,0.3121117840510102,0.31225742648800725,1,1,0.49348905025,0.4160847732722496,0.08481476359515115,0.49826327929637154,3.7366792395420845,1.1217601069412182,1.194847831930453
5_1,20.409281312999997,8.47738650146499,1.8636554103026302,1.1301656048346576,0.0,True,0.33513328277297694,0.33540036268695467,0,0,0.0,0.409165914428511,0.09941161593624882,0.09276495803450677,0.27765165588228863,0.9977636623493799,0.8746295534058343
5_2,20.098288341,8.502862649881772,2.3570953191175645,1.089291118426905,0.0,True,0.36244240261366684,0.36244240261366684,4,2,0.502457208525,0.42041623053411953,0.11787798391923289,0.19724571270409272,0.6349762215289168,0.9954051631521841,0.9395687885572654
5_3,24.98246928300001,8.504859664265505,4.61435601288873,0.569372616587656,0.0,False,0.22236973718324696,0.0,2,10,0.0,0.33638769686368747,0.2071621323804451,0.3464105338677358,1.0706453082862253,1.1544727952635663,1.1625544195266215
5_4,24.943552540000002,8.667920485123,5.501248339740508,0.5815474341841543,0.0,False,0.1753534813673833,0.0,6,5,0.0,0.34814300732611325,0.24005378001883598,0.4077363351973219,1.4411473269594801,1.1364095865737305,1.0992524023020487
