experiment_tag,time_to_reach_goal,path_length,cumulative_heading_changes,avg_distance_to_closest_person,minimum_distance_to_people,completed,minimum_distance_to_target,final_distance_to_target,robot_on_person_collision,person_on_robot_collision,time_not_moving,avg_robot_linear_speed,avg_robot_angular_speed,avg_robot_acceleration,avg_robot_jerk,avg_pedestrian_velocity,avg_closest_pedestrian_velocity
8_0,30.707949402,14.439118954030631,1.208996769385788,2.4574254989253976,0.0,True,0.3530143618966775,0.3530143618966775,4,3,0.0,0.4676498284991848,0.04376847090188032,0.5404411138126937,1.7007706203852428,1.2517205063517578,1.2866121238129151
8_1,34.157720859,14.642025504197603,2.4673896454798165,1.710833807094438,0.0,True,0.38489515900175897,0.38489515900175897,2,3,0.0,0.43538385020463727,0.07673328707385861,0.047378138384236324,0.10727616223370695,0.8106985076603254,0.6185942506235085
8_2,31.559045856000008,14.414042692347886,1.3308564767074236,4.454439698018084,0.0,True,0.40521085171004984,0.40521085171004984,1,1,0.0,0.46350850594920834,0.04468989554719734,0.11033008891783425,0.3137816225078026,0.9748365203462237,0.913000899513752
8_3,31.358394429999993,14.428506828383108,1.0709823172253556,3.366374435077506,0.0,True,0.3715086651274524,0.3715086651274524,2,1,0.0,0.46576968823128034,0.042798140766508674,0.05404382360498146,0.18567867918142933,1.1247384199245931,1.1889970484901695
8_4,31.369919388999996,14.416609324726776,1.3740777038016092,3.088542687859114,0.0,True,0.3836813245134265,0.3836813245134265,0,4,0.49793522839682536,0.4621725284619332,0.04671667669553807,0.32837842786229887,1.2677581250275132,1.1414277584798647,1.0986233106563656
