experiment_tag,time_to_reach_goal,path_length,cumulative_heading_changes,avg_distance_to_closest_person,minimum_distance_to_people,completed,minimum_distance_to_target,final_distance_to_target,robot_on_person_collision,person_on_robot_collision,time_not_moving,avg_robot_linear_speed,avg_robot_angular_speed,avg_robot_acceleration,avg_robot_jerk,avg_pedestrian_velocity,avg_closest_pedestrian_velocity
5_0,31.109955163000006,14.329559655642226,0.35649270506634423,2.5828451552195624,0.0,True,0.36373813871002114,0.36373813871002114,3,0,0.5017734703709679,0.46814975505761763,0.01275131119650522,0.19104139026260428,0.6056283630032437,0.9057601641705579,1.0530496439866288
5_1,30.310035105999997,14.299529429791061,0.3823197682308468,2.080706740356518,0.0,True,0.3494921722097842,0.3494921722097842,11,0,0.5051672517666667,0.4683995270121867,0.015763899893280572,0.02596091816450129,0.0915121696313694,1.0401775764594958,0.927132056471393
5_2,31.01974023300001,14.64853294062845,2.1631481667963004,4.323612865796671,0.0,True,0.3634738241519398,0.3634738241519398,4,1,0.5003183908548389,0.4641809952794514,0.07797190131318411,0.24401914393875512,0.5848559568146512,1.1125260308136768,1.060583437157957
5_3,31.007955230000004,14.529762445077765,1.4184188631291779,2.7376308499675805,0.0,True,0.35094942763209813,0.35094942763209813,1,0,0.5001283101612903,0.4615759342977119,0.05163238851645061,0.1089813785202998,0.37775499669513946,0.7346660416774928,0.6752697217202575
5_4,32.01727087900001,14.472495843593752,1.2445991388833968,4.241012527661668,0.0,True,0.36719250031725975,0.36719250031725975,1,2,0.0,0.45547913760903924,0.047876377886890836,0.23407086693209128,0.8086381982396192,0.9346090667231876,0.9410561505486609
