experiment_tag,time_to_reach_goal,path_length,cumulative_heading_changes,avg_distance_to_closest_person,minimum_distance_to_people,completed,minimum_distance_to_target,final_distance_to_target,robot_on_person_collision,person_on_robot_collision,time_not_moving,avg_robot_linear_speed,avg_robot_angular_speed,avg_robot_acceleration,avg_robot_jerk,avg_pedestrian_velocity,avg_closest_pedestrian_velocity
3_0,22.499903046000004,9.264196656524723,2.4826772688815977,1.37331365450928,0.0,True,0.0038067250939802675,0.0,2,3,0.49999784546666676,0.4049079135716046,0.11657959586519029,0.1612713252294165,0.5583714672054001,1.084924224393378,0.9798253141571835
3_1,22.470059871999997,9.87357332956588,3.1058230019254784,1.2867741385609874,0.0,True,0.08048031127415127,0.0,2,7,0.0,0.43109360632558824,0.1595089187662805,0.19725376293243918,0.2785558721363113,1.0285245159889533,0.9845588536870131
3_2,22.619494705,9.811626057134275,2.4538580054999324,1.7212636430293293,0.0,True,0.01753059330258039,0.0,0,9,0.0,0.43335102049261626,0.11380852033950105,0.17787569832349523,0.5684618956676991,1.0572734545731992,0.9915445160502092
3_3,20.829939956000008,9.263106464999984,1.151139432854397,0.465815974931079,0.0,True,0.015893705378141915,0.0,2,1,0.4959509513333335,0.4325300733359537,0.05636418012052569,0.12911416849854468,0.43514158704937117,0.6641990513986495,0.8508368188954571
3_4,21.907421327000005,9.637196803713527,2.320748790727838,1.274698819215976,0.0,True,0.02329188403483764,0.0,1,5,0.49789593925000014,0.4356755992012437,0.10976187380167766,0.20638699342540545,0.7896277794180222,0.9903743647368235,0.896863682364489
