experiment_tag,time_to_reach_goal,path_length,cumulative_heading_changes,avg_distance_to_closest_person,minimum_distance_to_people,completed,minimum_distance_to_target,final_distance_to_target,robot_on_person_collision,person_on_robot_collision,time_not_moving,avg_robot_linear_speed,avg_robot_angular_speed,avg_robot_acceleration,avg_robot_jerk,avg_pedestrian_velocity,avg_closest_pedestrian_velocity
6_0,33.60624262899999,14.447112060040634,1.853718702484651,2.891913022485907,0.0,True,0.321045356266902,0.321045356266902,5,4,0.5015857108805969,0.44042027400183964,0.056792973607306375,0.14897698042665494,0.540197225356129,1.1378145773844348,1.2229225004068098
6_1,31.179350108999998,14.315056158359486,0.2583763743141292,3.805973822693712,0.0,True,0.3411983426350709,0.3411983426350709,1,0,0.5028927436935483,0.4664784159413702,0.009409605479803854,0.20447422258214398,0.4103365243341838,0.710190158765814,0.4407553493091807
6_2,30.59986980599998,14.3881537373567,0.9793260978979625,4.1548925841784845,0.0,True,0.36454337897295425,0.36454337897295425,0,2,0.5016372099344258,0.46562077095099097,0.038012961240994944,0.12622376293345083,0.46891192170314205,1.0664975055046721,1.0769537219415024
6_3,31.207183087999997,14.381997691628872,0.7580485482908368,4.455541376091034,0.0,True,0.34771663627943733,0.34771663627943733,0,2,0.0,0.4644963809312733,0.02258301659263368,0.011484492302105674,0.02053092940182077,1.1429663455601526,1.2197569001575723
6_4,31.956180154999995,14.416987470948076,1.3596955621299225,5.184912457762064,0.0,True,0.3745305415098761,0.3745305415098761,0,2,0.4993153149218749,0.45647970228460155,0.05326660361370256,0.11551192906318501,0.32996229428830887,0.8725709182382498,0.8736648764869276
