experiment_tag,time_to_reach_goal,path_length,cumulative_heading_changes,avg_distance_to_closest_person,minimum_distance_to_people,completed,minimum_distance_to_target,final_distance_to_target,robot_on_person_collision,person_on_robot_collision,time_not_moving,avg_robot_linear_speed,avg_robot_angular_speed,avg_robot_acceleration,avg_robot_jerk,avg_pedestrian_velocity,avg_closest_pedestrian_velocity
4_0,31.338658584000008,14.455903196731732,1.340376647345241,2.629395221182647,0.0,True,0.36719414518359805,0.36719414518359805,2,1,0.0,0.46846541699600064,0.04828182077546496,0.10717612459890312,0.3724007646894071,0.8315702577142972,0.7141300715756307
4_1,34.067147821000006,14.578387666470865,3.284555237900746,2.903249958167435,0.0,True,0.40698402705651054,0.40698402705651054,3,3,0.5009874679558824,0.42833210325509474,0.10729021485862826,0.16121343809372404,0.38392386244095883,0.8530124576238464,0.7282691207980213
4_2,30.570167118999994,14.489688653170067,1.5131885931482594,5.219530269683567,0.0,True,0.3651263071821917,0.3651263071821917,3,1,0.0,0.46699882522279756,0.05650125381536983,0.2638014494067179,1.1611466362394975,1.1666969221521537,1.1042825086249595
4_3,31.27115978699999,14.47643677266577,1.4324902456027013,4.150506491821416,0.0,True,0.3926280187417193,0.3926280187417193,3,2,0.5043735449516128,0.4698219556852479,0.049898110531478114,0.17202031002136317,0.4372844639822953,1.1400711211018046,1.1437468873282488
4_4,31.536669636,14.498214681202649,1.7266740880427949,2.2280135463867983,0.0,True,0.36481759315053547,0.36481759315053547,6,3,0.0,0.4621727666370155,0.061195306939139195,0.16256246313072265,0.558274329493146,0.8639389888919266,0.7337188160461092
