experiment_tag,time_to_reach_goal,path_length,cumulative_heading_changes,avg_distance_to_closest_person,minimum_distance_to_people,completed,minimum_distance_to_target,final_distance_to_target,robot_on_person_collision,person_on_robot_collision,time_not_moving,avg_robot_linear_speed,avg_robot_angular_speed,avg_robot_acceleration,avg_robot_jerk,avg_pedestrian_velocity,avg_closest_pedestrian_velocity
4_0,19.810360475000003,8.45323677870524,1.8617517565859467,1.0698310264488737,0.0,True,0.34699186662403436,0.3472122996122832,3,2,0.0,0.41930141453066744,0.10669441473028875,0.7879836292787328,1.1818007942928823,1.2228880362615933,1.254824211557983
4_1,19.699937439000003,8.51618079587614,1.7511906337510919,1.5669786973032285,0.0,True,0.2955624315227078,0.29575935908034373,3,1,0.5051266010000001,0.42812822732629163,0.08402842996150946,0.25261859784023616,0.3947124083810249,1.2812289338727672,1.2972837851314307
4_2,19.729907642,8.491977224517223,2.202413958072314,1.3531528381294902,0.0,True,0.3216158204640661,0.32182510977158774,2,1,0.9864953821,0.41255256584893424,0.11020529111975028,0.16571354622076973,8.94870872524568,1.191254280434291,1.1728001213392443
4_3,19.500820125999997,8.514578978795456,2.276454515445174,1.0865596309124863,0.0,True,0.3697215629287625,0.36988852163785885,1,0,0.0,0.4248407973225167,0.11750996673772303,0.24795851864545776,0.8423708321988914,1.3122963035656208,1.3668384546488568
4_4,19.950236065,8.429199405856924,1.9361581620186294,1.1779335542246423,0.0,True,0.33013575335610196,0.33025474453283965,0,1,0.0,0.41014580300058606,0.09863840245404747,0.04108525345554513,0.05771775550957155,1.2194096203446148,1.1956412973076411
