experiment_tag,time_to_reach_goal,path_length,cumulative_heading_changes,avg_distance_to_closest_person,minimum_distance_to_people,completed,minimum_distance_to_target,final_distance_to_target,robot_on_person_collision,person_on_robot_collision,time_not_moving,avg_robot_linear_speed,avg_robot_angular_speed,avg_robot_acceleration,avg_robot_jerk,avg_pedestrian_velocity,avg_closest_pedestrian_velocity
5_0,21.730757767999997,9.230134178699071,1.0987358969198677,1.6183418355857453,0.0,True,0.08131948365794672,0.0,1,0,0.5053664597209302,0.4304846799818803,0.05566656792696389,0.39336063267031174,0.8176609314881222,0.6131696217614702,0.6148048194503194
5_1,22.799805875999997,9.490454396703425,2.037129328487961,1.810392066975499,0.0,True,0.11473632839456778,0.0,0,2,0.4956479538260869,0.4065117107552735,0.09192039212218485,0.2032448221296008,0.6193623485520319,0.4357704395438388,0.3616044596765878
5_2,21.699912906999998,9.272159847768936,1.3848340426729515,1.8610012637232756,0.0,True,0.03178005670347917,0.0,0,2,0.0,0.41254501632295354,0.061409868120951706,0.0759859100675235,0.22889553769840879,0.8506800572645606,0.8775830371118488
5_3,21.657317448999994,9.313512811212803,1.7462036293932384,1.859623870427136,0.0,True,0.06720954169200367,0.0,0,1,0.0,0.4306310370943638,0.09014416773475313,0.06490442311362368,0.15740225232750918,0.8195740587665199,0.8013005167454703
5_4,21.858468660000003,9.313351217136177,1.601984501337696,1.8432755799143987,0.0,True,0.018389614917106094,0.0,0,1,0.49678337863636374,0.41054482385010616,0.07934377753388344,0.0810593752460659,0.24454875638493884,0.8524606072521502,0.8945636205326015
