experiment_tag,time_to_reach_goal,path_length,cumulative_heading_changes,avg_distance_to_closest_person,minimum_distance_to_people,completed,minimum_distance_to_target,final_distance_to_target,robot_on_person_collision,person_on_robot_collision,time_not_moving,avg_robot_linear_speed,avg_robot_angular_speed,avg_robot_acceleration,avg_robot_jerk,avg_pedestrian_velocity,avg_closest_pedestrian_velocity
2_0,21.110583173000002,8.513746094391006,2.782174609675186,1.5724124868895593,0.08642418310346689,True,0.2974777419346416,0.2974777419346416,0,0,0.5026329326904763,0.39461450020741123,0.14050813183359778,0.5038712751074041,2.1110753219651293,1.1250481260772376,1.0922046932096108
2_1,19.888995309,8.470715510051441,2.3760973974345228,1.1637281406559312,0.0,True,0.38061467147019523,0.3807499177842144,0,2,0.0,0.41705061753694717,0.128669181695256,0.22219952350777725,0.7526886794714209,1.0103136949299563,1.0336570153642346
2_2,20.550465291,8.445642517004412,2.3591249167842716,1.1424797768240778,0.0,True,0.3411727158453393,0.34159449964300975,0,1,0.5012308607560976,0.40619704369338416,0.11577097106160388,0.841533121275034,1.2507165251445032,0.9170085765921769,1.0179385348155723
2_3,21.321903379,8.549197867519014,3.0121091228467334,1.1398107792329368,0.0,True,0.3243426947558768,0.3245963185978241,0,4,0.0,0.39223300783725107,0.14982277318021114,0.08451210936904986,0.1834754790689697,0.9903083564036602,1.0602019471629769
2_4,19.857962379000003,8.493155274514168,2.4870001089363645,1.1585282801352232,0.0,True,0.35511327789025093,0.3553842631005445,0,1,0.49644905947500007,0.41496257896648847,0.13960328963770127,0.11298519133864908,0.30064259608231303,0.8489954988437501,1.0739017936944248
