experiment_tag,time_to_reach_goal,path_length,cumulative_heading_changes,avg_distance_to_closest_person,minimum_distance_to_people,completed,minimum_distance_to_target,final_distance_to_target,robot_on_person_collision,person_on_robot_collision,time_not_moving,avg_robot_linear_speed,avg_robot_angular_speed,avg_robot_acceleration,avg_robot_jerk,avg_pedestrian_velocity,avg_closest_pedestrian_velocity
9_0,30.757559161000003,14.386010409808101,1.170514102606159,4.367548918888685,0.0,True,0.31428957273866126,0.31428957273866126,0,2,0.0,0.4634966202935092,0.044081168407706386,0.23791324760083152,0.9151558496047203,1.097101953771561,1.0677147491410584
9_1,31.050054361000008,14.396271235484289,1.629341170684996,3.681874900285216,0.0,True,0.36937788858145393,0.36937788858145393,2,2,0.0,0.4671070063829638,0.05524714494604271,0.1406660150076294,0.4994741902899874,0.9719171432528925,0.9802957801811457
9_2,30.460244029999995,14.440855195669196,1.4855462823584076,3.4866684521810787,0.0,True,0.3352731099104188,0.3352731099104188,0,2,0.0,0.4676450309970161,0.0588198995387715,0.06173128867090728,0.18281284569343212,1.0232701300762586,1.041468283587163
9_3,33.88767757100001,14.523497262242058,2.1215468097789545,2.1376452885611763,0.0,True,0.42855474046600955,0.42855474046600955,3,3,0.0,0.43927030008691476,0.0764755503706105,0.20976721361290077,0.512107968456853,0.9838102140827888,0.8707223845839314
9_4,30.580199585999992,14.51576774959348,1.3412263159856268,3.324610867930615,0.0,True,0.39123752565144415,0.39123752565144415,1,0,0.0,0.4711387626626634,0.04716632161253858,0.041792125279552575,0.10831276472446755,0.7813042667555368,0.6458821226719981
