experiment_tag,time_to_reach_goal,path_length,cumulative_heading_changes,avg_distance_to_closest_person,minimum_distance_to_people,completed,minimum_distance_to_target,final_distance_to_target,robot_on_person_collision,person_on_robot_collision,time_not_moving,avg_robot_linear_speed,avg_robot_angular_speed,avg_robot_acceleration,avg_robot_jerk,avg_pedestrian_velocity,avg_closest_pedestrian_velocity
2_0,19.756854543,8.463655816749867,1.8136334829109537,5.214049561099929,0.47420118212909323,True,0.3261996335831751,0.3264116791536662,0,0,0.493921363575,0.41368253101386465,0.09156666821995647,0.12471482577794009,0.1647118406710683,1.1045717784486924,1.0404176863058754
2_1,20.049975167999996,8.452986594631442,1.8811938773289505,4.4703331250800336,0.5778865808203435,True,0.35814650318289,0.35843752997882106,0,0,0.5012493791999999,0.4131979933629064,0.09700313914252172,0.03748430833328588,0.04991187212058505,1.1465624158957128,1.1958866767835354
2_2,20.91985947100001,8.436641110376895,1.9697732668629029,4.1326922025205555,0.6761749576492775,True,0.3340231429970182,0.3343973103259863,0,0,0.0,0.4025677493102373,0.10415603732537757,0.3020415903948796,1.096959234300322,0.8804565340499539,0.9241794578146728
2_3,19.840003083000006,8.41154219235006,1.7121644688172606,4.617164803303818,0.6085095782288352,True,0.3326108366632914,0.33281844323070553,0,0,0.49600007707500016,0.4148016187468828,0.0960686219223803,0.3540182047732005,0.6482935646518466,0.9747135304234839,1.022285715689039
2_4,20.109975876000007,8.454984080036382,1.8618160815121434,3.6294094629883933,0.5996512853931641,True,0.3340198287547271,0.3343271411615744,0,0,0.5027493969000002,0.41769251996404205,0.09801916868492436,0.12377914922546292,0.2728537969664417,1.0356662027372905,1.087754303949869
