experiment_tag,time_to_reach_goal,path_length,cumulative_heading_changes,avg_distance_to_closest_person,minimum_distance_to_people,completed,minimum_distance_to_target,final_distance_to_target,robot_on_person_collision,person_on_robot_collision,time_not_moving,avg_robot_linear_speed,avg_robot_angular_speed,avg_robot_acceleration,avg_robot_jerk,avg_pedestrian_velocity,avg_closest_pedestrian_velocity
6_0,30.570029604,14.402483990461528,0.8950795103334777,2.3620885419562985,0.0,True,0.34134096110429923,0.34134096110429923,2,3,0.0,0.4674242391999068,0.02846356076018862,0.33558096087319755,1.5660845937868886,1.0972176227212591,1.0584523423375434
6_1,32.858047488000004,14.639816945582657,3.518500977966377,2.8771809460514524,0.0,True,0.35691228067673014,0.35691228067673014,0,2,0.0,0.44359193934921864,0.11496488423300256,0.06554085886361673,0.14104229507619806,0.8510311411161051,0.9672791397045355
6_2,30.470208145999994,14.418086171547651,1.1253736513658374,1.596785035160261,0.0,True,0.3332617657083207,0.3332617657083207,6,2,0.0,0.468273436317287,0.038236409749499364,0.03739388499586037,0.1031256333936538,1.102844522539068,1.1002175183749345
6_3,31.307518102,14.39348898527499,0.9164737950180264,1.6437996256101828,0.0,True,0.4130464503479505,0.4130464503479505,8,3,0.0,0.46898547846128463,0.031151241275959238,0.4475314176809364,1.4487891905973707,0.9985378968669728,0.9837728190690699
6_4,30.919806598000005,14.421517434074731,0.9346522760013412,1.5336178698522624,0.0,True,0.3667941395277968,0.3667941395277968,12,3,0.0,0.45791642282457035,0.03180075537566735,0.13362720621752894,0.501590624242317,1.0312577308370234,1.0047211621934926
