experiment_tag,time_to_reach_goal,path_length,cumulative_heading_changes,avg_distance_to_closest_person,minimum_distance_to_people,completed,minimum_distance_to_target,final_distance_to_target,robot_on_person_collision,person_on_robot_collision,time_not_moving,avg_robot_linear_speed,avg_robot_angular_speed,avg_robot_acceleration,avg_robot_jerk,avg_pedestrian_velocity,avg_closest_pedestrian_velocity
8_0,21.839621003999998,8.729156572959607,2.224378067312873,2.4228450771705816,0.0,True,0.26465936396481105,0.2651683263520656,1,3,0.4963550228181818,0.38833843408581376,0.10098651048412276,0.03973162333253859,0.059276755473503924,1.1316752143014557,1.1936062258234859
8_1,20.680050669999996,8.654807242698096,1.7064281808147395,3.1144821727848573,0.0,True,0.2662237104430588,0.2664316720337268,0,1,0.0,0.40919295290845253,0.10464775582327711,0.36876022551883353,1.39339950662349,0.9887190582536223,0.983176324460627
8_2,23.209676473000002,9.156783667815738,2.609836671786169,3.376260771998825,0.0,True,0.251493209646458,0.25167247409810073,0,3,0.0,0.38666304577463745,0.1262672670529592,0.05246943556292752,0.07235707989201758,1.177363653779525,1.2096168280403279
8_3,21.507560959,8.875137563334958,2.621142148036418,2.9621991968152206,0.0,True,0.29627520721840367,0.29696789296183285,1,1,0.0,0.4007527605956474,0.1611029878594674,0.11467846495092773,0.25889251477899644,0.9322151704735255,0.8818398348143673
8_4,22.36195389300001,8.831969291378432,2.5347214382561902,2.5156467443623094,0.0,True,0.2632413063226766,0.2636771182169097,1,1,0.49693230873333355,0.3907588092350402,0.11306417553874427,0.315410435011206,0.6215638938194339,0.7775878729384662,0.7696992219770437
