experiment_tag,time_to_reach_goal,path_length,cumulative_heading_changes,avg_distance_to_closest_person,minimum_distance_to_people,completed,minimum_distance_to_target,final_distance_to_target,robot_on_person_collision,person_on_robot_collision,time_not_moving,avg_robot_linear_speed,avg_robot_angular_speed,avg_robot_acceleration,avg_robot_jerk,avg_pedestrian_velocity,avg_closest_pedestrian_velocity
5_0,21.149836612999998,9.057223370467268,2.8583464534952188,0.855456427320107,0.0,True,0.3361640014376021,0.33623634620715975,1,11,0.0,0.4247298612696465,0.1455749908537317,0.3545637684578587,0.7108796481169039,1.008405253066812,1.029556796486841
5_1,20.808521861000003,9.338193232770426,4.085996823833097,1.1315834605459947,0.0,True,0.33158247566635335,0.33158247566635335,2,7,0.0,0.44124435720115884,0.19610460125993773,0.20835985673025692,0.5213893239349369,1.1294893015874488,1.17922277472493
5_2,23.85009649,9.70616058523929,2.863279741539121,1.4146446915858102,0.0,True,0.22861832382707184,0.0,0,3,0.0,0.39531279305455747,0.1292714194686833,0.26279013131301815,0.7411005284234548,0.8585155111672151,0.8441066528832658
5_3,22.580027888,9.144191115612285,4.056149801666251,0.6197434583483591,0.0,True,0.24463262749776363,0.0,4,5,0.0,0.39906974984196514,0.1980801789694184,0.11233025990951732,0.19087675998701426,1.0384662114878564,0.9278148509569002
5_4,22.750824484,9.125211498849882,3.5931251889169777,0.6860339939157272,0.0,True,0.271141295899544,0.2719493729798666,3,4,0.0,0.3824675042414269,0.17840905844501986,0.17967177313194263,0.3610465769937323,0.9824588804980897,0.855362131890344
