experiment_tag,time_to_reach_goal,path_length,cumulative_heading_changes,avg_distance_to_closest_person,minimum_distance_to_people,completed,minimum_distance_to_target,final_distance_to_target,robot_on_person_collision,person_on_robot_collision,time_not_moving,avg_robot_linear_speed,avg_robot_angular_speed,avg_robot_acceleration,avg_robot_jerk,avg_pedestrian_velocity,avg_closest_pedestrian_velocity
3_0,20.019395880999998,8.48473462402174,1.78298604487119,3.932903627563114,0.44213136027678934,True,0.28215043951416036,0.2824430976944206,0,0,0.0,0.4119197207653431,0.09794885770345246,0.2496028719409451,0.7934311362651023,1.0227665190031034,1.050626922238202
3_1,19.858551788999993,8.431001705394252,1.9043624165783553,3.728032007764556,0.5469326494465296,True,0.3391771690612405,0.3393840213164284,0,0,0.4964637947249998,0.4170331550840857,0.10250058709507269,0.18730934489364007,0.8126279089723715,0.8662336882516851,0.8020949818789868
3_2,19.907227755,8.454917814538339,1.765914669071734,2.2189886044445557,0.5311766853608235,True,0.2900257855672438,0.2902746272019942,0,0,0.497680693875,0.4119378648002111,0.0937978086728346,0.45013304285652617,1.8814455419074172,0.9976927109261147,0.979127467127992
3_3,20.240549275,8.479207926927382,1.8090261105934595,1.864207531023041,0.33634104462127246,True,0.3015425401319278,0.3017390852757715,0,0,0.0,0.41573634401384785,0.09594666987352228,0.09306597654662199,0.26612341275829654,1.1325345772408062,1.0610698532571852
3_4,19.800107515999997,8.436921118357567,1.8875560733610484,1.8941156134166697,0.37598600731784204,True,0.37363732984307907,0.37387227759502695,0,0,0.0,0.41063941229404066,0.09478269495099322,0.039735972555174665,0.050154888607234084,1.1755755582052645,1.2178201039873886
