experiment_tag,time_to_reach_goal,path_length,cumulative_heading_changes,avg_distance_to_closest_person,minimum_distance_to_people,completed,minimum_distance_to_target,final_distance_to_target,robot_on_person_collision,person_on_robot_collision,time_not_moving,avg_robot_linear_speed,avg_robot_angular_speed,avg_robot_acceleration,avg_robot_jerk,avg_pedestrian_velocity,avg_closest_pedestrian_velocity
8_0,24.070026969,9.042975873716813,3.7003082851966487,0.394914687728956,0.0,True,0.26952352927679873,0.2699471423838289,4,8,0.0,0.37919330843058,0.18281730398103246,0.4429154004842206,1.5544507119021593,0.8349221830447267,0.7991228250162095
8_1,20.590080831,8.64302534157576,1.6674755774459888,0.19556911995184909,0.0,True,0.28306578308774216,0.2835704931903553,7,0,0.5021970934390244,0.41027279733950467,0.07879913722558647,0.3566084405822438,0.7376608679971642,0.7443261268718613,0.6212139777790654
8_2,23.40750134300001,9.053357407848443,3.5369173936858336,1.9425967064259704,0.0,True,0.291330371270201,0.2917014298060481,1,4,0.4980319434680853,0.3850491648244667,0.1690477338429739,0.6184758370729072,2.2932457002547015,1.0604024594924908,1.016764316719358
8_3,20.530078415999995,8.678051799966921,2.1139367428809934,0.2691008385613387,0.0,True,0.3341956342090169,0.33450456614305996,4,3,0.5007336199024389,0.422787872316089,0.11483448402028744,0.423752978241708,0.9785380041010203,0.8327779930426141,0.7418980411494426
8_4,22.22056920400001,8.92776450025715,3.4337063497724367,1.5002327388204078,0.0,True,0.2704400456837264,0.2710014448330378,0,3,1.0100258729090914,0.39959222624980634,0.16479149052202094,0.15960728975481586,0.46793720165064695,0.8080583710465054,0.7688423728002322
