experiment_tag,time_to_reach_goal,path_length,cumulative_heading_changes,avg_distance_to_closest_person,minimum_distance_to_people,completed,minimum_distance_to_target,final_distance_to_target,robot_on_person_collision,person_on_robot_collision,time_not_moving,avg_robot_linear_speed,avg_robot_angular_speed,avg_robot_acceleration,avg_robot_jerk,avg_pedestrian_velocity,avg_closest_pedestrian_velocity
8_0,22.689592793999996,9.292371186373884,1.9815435584503316,2.5123979474872935,0.0,True,0.11068026756872536,0.0,1,2,0.5042131731999999,0.40436371825255985,0.09564015623974542,0.19032766697353448,0.6521915760086198,1.0956432903830964,1.0458882173195008
8_1,22.006493169000006,9.268534637579146,1.6091101369576708,2.189918258026247,0.0,True,0.018477089193190452,0.0,0,5,0.0,0.41098816305349894,0.08410731172668025,0.07892949399182718,0.22509653153724696,0.9427415160123813,0.9241437344874269
8_2,22.156917012,9.462172976628757,2.9777329916126316,1.3290787842548295,0.0,True,0.1994396040139962,0.0,0,9,0.5035662957272727,0.43112687805366007,0.14245044921905384,0.1089877785409475,0.2852618353491147,1.0918382528051327,1.0940679651068912
8_3,21.556135223,9.339898235588178,1.7740834429059804,1.1933946458136673,0.0,True,0.035707138308298934,0.0,1,8,0.5013054703023255,0.4242006506713906,0.09483902587495777,0.11742499135073681,0.3439562225340463,0.96649168639948,0.9485473432446166
8_4,21.900489785,9.324821745581197,1.4418817407008353,1.5412550592811711,0.0,True,0.09870987612218318,0.0,3,5,0.0,0.40820417634288114,0.07464879541711901,0.08921784030963516,0.2892820577020624,1.0386303027841883,1.0949901829054793
