experiment_tag,time_to_reach_goal,path_length,cumulative_heading_changes,avg_distance_to_closest_person,minimum_distance_to_people,completed,minimum_distance_to_target,final_distance_to_target,robot_on_person_collision,person_on_robot_collision,time_not_moving,avg_robot_linear_speed,avg_robot_angular_speed,avg_robot_acceleration,avg_robot_jerk,avg_pedestrian_velocity,avg_closest_pedestrian_velocity
2_0,23.430311099000004,11.005831023890412,1.181164876516199,2.795127884361357,0.20000012352064156,True,0.3242088744052419,0.3242088744052419,0,0,0.0,0.4594314718542178,0.06199249012820374,0.1192513207844596,0.6003921864846694,0.6127681779192827,0.973471117427362
2_1,24.560237803000003,11.012627384482489,1.0530640233013755,1.9057526930261686,0.20000012676012224,True,0.31583137408532974,0.31583137408532974,0,0,0.0,0.44777501847969264,0.04633258473713215,0.06552287428699839,0.2087167083611571,0.9455239587743491,0.938567983704251
2_2,24.00065007200001,11.010580213248057,1.0887903801716985,2.4463073116953216,0.20000012416853752,True,0.3232760305874296,0.3232760305874296,0,0,0.0,0.44993249756933,0.05912946235774259,0.0236270591194241,0.03899293012216818,1.0959377341489112,0.9904703599904561
2_3,23.608142797,10.933969047267801,1.0406468067387498,1.9691844487650492,0.2000001261122254,True,0.3881372506647749,0.3881372506647749,0,0,0.502300910574468,0.45614338605246624,0.04363304720985772,0.3155684525304497,0.965937157572404,0.9720267609563445,0.8758581165240243
2_4,23.729261863,10.902816894976922,1.126589039396328,2.278929642626027,0.19642887700966494,True,0.42297429732437963,0.42297429732437963,0,0,0.5048779119787234,0.4521675247269481,0.044510616303781586,0.15835204745650489,0.4466146334290376,1.0157476141986561,0.9525531325261959
