experiment_tag,time_to_reach_goal,path_length,cumulative_heading_changes,avg_distance_to_closest_person,minimum_distance_to_people,completed,minimum_distance_to_target,final_distance_to_target,robot_on_person_collision,person_on_robot_collision,time_not_moving,avg_robot_linear_speed,avg_robot_angular_speed,avg_robot_acceleration,avg_robot_jerk,avg_pedestrian_velocity,avg_closest_pedestrian_velocity
2_0,21.45799077,9.326278731165267,1.7780091471168635,2.087327541042579,0.0,True,0.04770705336310358,0.0,0,3,0.49902304116279067,0.41896003500283885,0.08822584185986124,0.08786775163629394,0.24094546295804065,0.6014526585066903,0.8860356636423178
2_1,21.840219282000003,9.251168540301544,1.2056092973644104,1.7020232028941042,0.0,True,0.07740549007293643,0.0,2,0,0.4963686200454546,0.42208749489026204,0.06321582916626467,0.10088391964534907,0.3319310820037702,0.5685538076454795,0.6987093732786188
2_2,22.079910934,9.32878886242723,2.2647946694639667,2.243419386052178,0.0,True,0.03768825107314085,0.0,2,6,0.5018161575909091,0.41405283415827726,0.10654445487665322,0.1234671083352368,0.3433976689418093,0.8432235341848988,0.8118045448978057
2_3,23.829447351000002,9.83555595997464,3.6707062696107764,3.1355715332991396,0.0,True,0.02440067747406217,0.0,0,7,0.0,0.397074582623078,0.16205084516380364,0.13530159262813285,0.384275242444124,0.801232995070105,0.8915195610398305
2_4,21.060158474999998,9.276486649651742,1.0912945376646572,3.397737171993429,0.0,True,0.03906018801606302,0.0,2,0,0.5014323446428571,0.43314324796147624,0.05421678384014707,0.3930103153324983,0.8523292953429604,0.759965969767359,0.7605163279132103
