experiment_tag,time_to_reach_goal,path_length,cumulative_heading_changes,avg_distance_to_closest_person,minimum_distance_to_people,completed,minimum_distance_to_target,final_distance_to_target,robot_on_person_collision,person_on_robot_collision,time_not_moving,avg_robot_linear_speed,avg_robot_angular_speed,avg_robot_acceleration,avg_robot_jerk,avg_pedestrian_velocity,avg_closest_pedestrian_velocity
6_0,23.858145983,11.05418326128963,1.164187147162914,2.200919370232854,0.0,True,0.3235474092526267,0.3235474092526267,0,2,0.49704470797916667,0.4484501851489086,0.050297438981719046,0.11124319834324553,0.3911715350180977,1.2674185613172433,1.290517071725436
6_1,23.980063998,11.201388380689757,1.909696614604449,1.6593332449927243,0.0,True,0.31322293448201344,0.31322293448201344,0,2,0.0,0.4550223607337738,0.08646622697865042,0.23574522129070655,0.7518687169538526,1.0510972312453177,1.0036047526529288
6_2,27.961610660999995,11.388231360789964,4.233430646307573,1.712113375844148,0.0,False,0.4447120661959294,0.4447120661959294,1,2,0.0,0.410021776939823,0.17392161604600834,0.24521130566773885,0.7989843955326358,1.206735240514602,1.2237590867669874
6_3,26.508647823,11.10776351204551,2.583038875904709,1.6717514294967566,0.0,True,0.3073615656394497,0.3073615656394497,1,4,0.0,0.41447512648942636,0.1109528069110965,0.5183878153722303,1.6165188763910494,1.2468910030821803,1.2359208949716158
6_4,23.689972300999997,11.118969236999325,1.6808778662124255,1.1462947775465286,0.0,True,0.3359485458795208,0.3359485458795208,2,0,0.0,0.4621725651332457,0.07110154096645016,0.15440002996533173,0.5264022787242082,1.0411270642174486,1.0396631976746615
