experiment_tag,time_to_reach_goal,path_length,cumulative_heading_changes,avg_distance_to_closest_person,minimum_distance_to_people,completed,minimum_distance_to_target,final_distance_to_target,robot_on_person_collision,person_on_robot_collision,time_not_moving,avg_robot_linear_speed,avg_robot_angular_speed,avg_robot_acceleration,avg_robot_jerk,avg_pedestrian_velocity,avg_closest_pedestrian_velocity
6_0,21.507864166,9.606894195886763,2.670945716613152,1.5649989628731928,0.0,True,0.011164009997502484,0.0,0,1,0.5001828875813954,0.44825497824002186,0.12859650335371006,0.5668248869508127,2.10369870720514,0.831139963284511,0.6694674734206348
6_1,23.162331658999996,9.644554913943077,2.987701908633478,0.9277367957355778,0.0,True,0.21768439203128265,0.0,1,3,0.5035289491086956,0.41574184920409857,0.13096155629993095,0.6220163644284181,2.04485473091053,1.0518428613221817,0.8792690397184987
6_2,21.50000414299999,9.495510357476565,3.049097876087038,0.6720162507222622,0.0,True,0.012390746682028058,0.0,0,6,0.0,0.4270251644371465,0.16780453516719576,0.9034610824399717,2.46460699276176,1.013023369285595,0.8611467498411266
6_3,20.872142245999996,9.278096240643745,1.4623868056010392,0.7851927884050794,0.0,True,0.10999717540328342,0.0,1,2,0.49695576776190464,0.4360358111876467,0.08362718998118238,0.11354708186166106,0.3672295589356173,1.0436542348930795,0.884465129556009
6_4,20.649284437,9.447150791378233,2.463168778012397,0.3420415215652045,0.0,True,0.0685665557507888,0.0,0,3,0.0,0.4456351040278341,0.12200347257785873,0.08649656853178249,0.1831046378417092,0.8691981277009789,0.7308805517085513
