experiment_tag,time_to_reach_goal,path_length,cumulative_heading_changes,avg_distance_to_closest_person,minimum_distance_to_people,completed,minimum_distance_to_target,final_distance_to_target,robot_on_person_collision,person_on_robot_collision,time_not_moving,avg_robot_linear_speed,avg_robot_angular_speed,avg_robot_acceleration,avg_robot_jerk,avg_pedestrian_velocity,avg_closest_pedestrian_velocity
1_0,21.258340382000007,8.55803844656982,1.8171403531434351,2.010752106466645,0.49588698607079285,True,0.26228760344743385,0.26287767025066705,0,0,0.0,0.4063996801899567,0.09343209565722554,0.13497940057677074,0.42856642998987454,0.6858227377988731,0.4410246735492632
1_1,22.718183662999998,9.001459780840108,3.8285763357043905,1.150324545030182,0.0,True,0.2539419632893356,0.2546104821543867,2,2,0.5048485258444444,0.3930647980501598,0.19832473098150122,0.1383778853218125,0.28336446810983706,0.9677596745548315,1.0304715206845507
1_2,21.189223992,9.080857975066513,3.4503128046927536,1.5438850432075697,0.0,True,0.3033539264181576,0.3035994259324064,3,2,0.0,0.4265693659010805,0.17686029366295214,0.4016012744817127,1.1812364341995216,0.859622949203006,0.8330087161033023
1_3,21.489627333999998,8.62205817028323,3.4820779255503758,1.566520603888872,0.0,True,0.2790179272588417,0.2794727644019095,1,3,0.0,0.3970075252575688,0.17509780764679397,0.17578374195110544,0.4867473036681375,0.8297129997253823,0.8175928377865187
1_4,22.750151011999996,9.223390794812047,3.6125122842545063,1.3730993181585678,0.0,True,0.24493770524518596,0.0,3,0,0.49456850026086946,0.39311622543537694,0.17342794070886067,0.16831057286477938,0.47164441718885824,1.0016775524474968,0.9943587657827552
