experiment_tag,time_to_reach_goal,path_length,cumulative_heading_changes,avg_distance_to_closest_person,minimum_distance_to_people,completed,minimum_distance_to_target,final_distance_to_target,robot_on_person_collision,person_on_robot_collision,time_not_moving,avg_robot_linear_speed,avg_robot_angular_speed,avg_robot_acceleration,avg_robot_jerk,avg_pedestrian_velocity,avg_closest_pedestrian_velocity
4_0,22.158347369,9.079094736254145,2.8230799793496484,0.7352779478620336,0.0,True,0.2594417548524984,0.2598722140689085,11,4,0.0,0.40486080883535364,0.13752827412499816,0.13118283789617427,0.386077815405573,1.0679206984220244,1.1597834201901864
4_1,22.459913729000004,9.022707724507544,2.9376019302735594,1.8184094914283357,0.0,True,0.22401987934157733,0.0,1,2,0.49910919397777787,0.3913485165281532,0.12941609035417628,0.07731907882349053,0.15299465546604227,0.8160108346477948,0.9516088239005979
4_2,21.831091140000005,8.814399171933946,2.8217919640227773,1.8395851725654158,0.0,True,0.270623004998044,0.2709969169625159,2,4,0.4961611622727274,0.4070355517259075,0.1440003205826965,0.337551258279354,1.1788509749400589,1.1902651162172868,1.2665288062080997
4_3,22.558146391999998,8.881230088202981,3.100678290551762,1.6056149742363988,0.0,True,0.28110079103447955,0.2818109467452622,0,2,0.5012921420444444,0.3861847635138563,0.1514685834589122,0.11006158430864811,0.2648831905057074,1.1794904910349875,1.1030719166540073
4_4,21.370745671999995,8.51209935572916,2.0346502685203833,0.1841542744271446,0.0,True,0.2381448343244349,0.0,12,0,0.0,0.39597791551685524,0.09912180937518328,0.38498946642710147,1.4401272070037308,0.6201640876943127,0.5421781794544706
