experiment_tag,time_to_reach_goal,path_length,cumulative_heading_changes,avg_distance_to_closest_person,minimum_distance_to_people,completed,minimum_distance_to_target,final_distance_to_target,robot_on_person_collision,person_on_robot_collision,time_not_moving,avg_robot_linear_speed,avg_robot_angular_speed,avg_robot_acceleration,avg_robot_jerk,avg_pedestrian_velocity,avg_closest_pedestrian_velocity
3_0,24.158172585000003,8.964189580085804,4.072712468128472,0.6953474694669699,0.0,True,0.2856108369732259,0.2858881500536295,11,10,0.5032952621875001,0.3664423547726762,0.16151765272064886,0.7675115911187589,2.848485185502328,0.947315478454912,0.8277891738648664
3_1,24.90488995,9.010253927926518,3.421669495973761,0.9352801436575505,0.0,True,0.28175312223342275,0.28236060760863135,9,7,0.498097799,0.36603424285886804,0.14704623687233304,0.28338341742700157,0.5978502809352954,1.000189422726216,0.9187251038274349
3_2,23.909528183000003,8.735405382984373,3.0423859172312504,1.5861312735253448,0.0,True,0.25882537817154017,0.258929641027539,3,6,0.4981151704791667,0.37166470410065783,0.1338088687247467,0.13452237975722747,0.6649443808677148,0.8844766805699292,0.8915241184996652
3_3,24.982734563999998,10.005560037750245,4.1592573961288,0.9406827477867457,0.0,False,0.23118689924851366,0.0,7,1,0.0,0.40360893348490545,0.17485043598178954,0.21800679974173237,0.4100092025097241,0.8557864073884913,0.7801333276267064
3_4,25.014571083000003,10.02902112842916,3.7681091396543214,1.0956309969753566,0.0,False,0.25817035694241497,0.25855140824101913,13,5,0.0,0.39915699604306,0.16212855049017597,0.0895181249341025,0.18187524086489507,0.8191337293882155,0.7961717165410681
