experiment_tag,time_to_reach_goal,path_length,cumulative_heading_changes,avg_distance_to_closest_person,minimum_distance_to_people,completed,minimum_distance_to_target,final_distance_to_target,robot_on_person_collision,person_on_robot_collision,time_not_moving,avg_robot_linear_speed,avg_robot_angular_speed,avg_robot_acceleration,avg_robot_jerk,avg_pedestrian_velocity,avg_closest_pedestrian_velocity
1_0,30.850529833,14.427823230283144,1.0930958023691502,3.4724660566364407,0.0,True,0.3276529074442346,0.3276529074442346,2,2,0.0,0.4574032819537036,0.037219094324077384,0.246163142222409,0.6171746209206916,1.0976976304863735,1.0207921772699016
1_1,30.300032461000004,14.37111875819325,1.05264994947431,2.5433852241635053,0.0,True,0.3684562560425284,0.3684562560425284,5,1,0.0,0.4694798889179409,0.03994401390908126,0.5264385917267201,1.2433683471733386,0.9380980284974222,0.9373765514548564
1_2,32.555948568999995,14.447943535145859,1.4673653025543056,1.8487214802412606,0.0,True,0.37365069769373305,0.37365069769373305,9,4,0.5008607472153845,0.4469872228305049,0.0503196163687923,0.12137671126403224,0.4373810530314369,0.48772736125104377,0.8010138461369678
1_3,33.120182225,14.606082534151666,2.517021422997025,1.34107398084002,0.0,True,0.3693283028515941,0.3693283028515941,8,4,0.0,0.44895949010133585,0.08453932693472965,0.13240958956453458,0.42151109447017726,0.8101631197823533,0.7449821670015012
1_4,31.749905327000015,14.481086895529572,1.3805656032346802,1.905010373345327,0.0,True,0.3750123934792938,0.3750123934792938,2,6,0.0,0.453959179234213,0.046928537114533646,0.09136410966711728,0.2516582467410875,0.9872378225811275,0.9253433373123907
