experiment_tag,time_to_reach_goal,path_length,cumulative_heading_changes,avg_distance_to_closest_person,minimum_distance_to_people,completed,minimum_distance_to_target,final_distance_to_target,robot_on_person_collision,person_on_robot_collision,time_not_moving,avg_robot_linear_speed,avg_robot_angular_speed,avg_robot_acceleration,avg_robot_jerk,avg_pedestrian_velocity,avg_closest_pedestrian_velocity
9_0,23.349718403,9.266972922763426,4.261705843412578,0.7751708365416504,0.0,True,0.18815671260663253,0.0,6,6,0.49680251921276597,0.38368731299616604,0.19228135490020196,0.4817915411007431,1.7253711144999306,1.0482943949480166,1.0204852515232192
9_1,22.999848844000002,9.560170427540964,3.3325465424436866,0.250118037941767,0.0,True,0.23602086288761756,0.0,12,3,0.49999671400000006,0.4069465140458618,0.1488571778965712,0.2785809713686971,0.9383931586382687,0.9297590661526868,0.7880841277732473
9_2,20.550057242999994,9.323574698822181,3.2949464564097593,0.8527230018657581,0.0,True,0.31313767726026615,0.31313767726026615,1,8,0.5012209083658535,0.4470446477263918,0.16640332097974872,0.07656379998522851,0.08273837675239802,1.0742649200910823,1.0358284525331412
9_3,23.607510720999993,9.288030156373424,3.8066989478764532,0.551599375413465,0.0,True,0.28900227076904883,0.289607052207304,1,5,0.502287462148936,0.39641794915364753,0.17095402110940502,0.25197416645023935,0.709661439136874,0.9029547506643972,0.6721773216558583
9_4,23.639940548,9.31952842551113,3.716671863609609,0.6243785115798047,0.0,True,0.30530296377592203,0.3058158611470498,5,7,0.5029774584680851,0.400239225375038,0.1689586365532545,0.16668493101943646,0.35283894052108417,0.9870756537703708,0.8956167284560127
