experiment_tag,time_to_reach_goal,path_length,cumulative_heading_changes,avg_distance_to_closest_person,minimum_distance_to_people,completed,minimum_distance_to_target,final_distance_to_target,robot_on_person_collision,person_on_robot_collision,time_not_moving,avg_robot_linear_speed,avg_robot_angular_speed,avg_robot_acceleration,avg_robot_jerk,avg_pedestrian_velocity,avg_closest_pedestrian_velocity
2_0,23.958734972000002,10.977523942941952,1.2517482039183254,3.485485748348348,0.22369717778033582,True,0.3422729846263176,0.3422729846263176,0,0,0.0,0.4607971375137414,0.059400846155363014,0.047094134396278846,0.1200365917153909,1.1247071804027835,1.1819900096773093
2_1,23.990770942000005,10.962461582577543,1.4131928668978162,3.439370944087497,0.21446040474958483,True,0.36500130387698365,0.36500130387698365,0,0,0.0,0.4602606059116812,0.06360241798617605,0.17839047189130564,0.44981954037426397,1.0079406594099025,1.0852203061114654
2_2,23.869939479000006,11.06385629405758,1.7910711662691416,3.378156237880212,0.041955342226083214,True,0.26815065728524945,0.26815065728524945,0,0,0.0,0.45556597167979707,0.08835450593095132,0.47016245556230607,1.782336386257317,1.0872160758542573,1.0819610249477536
2_3,24.355821605000003,11.067399000996797,1.9359791594698081,3.3650210157703606,0.0552308200888032,True,0.2892249817650826,0.2892249817650826,0,0,0.0,0.45277100206682136,0.09666217018311103,0.08407596333880918,0.7741202622816309,1.1180051846996664,1.1202544923698816
2_4,23.70674153999999,10.95447758619756,1.496998035805917,3.4463993493612795,0.176131102657907,True,0.3610287167413786,0.3610287167413786,0,0,0.5043987561702126,0.4610768826245441,0.062139740169592096,0.15864323708987046,0.55723129305358,1.096009954584361,1.12470101579312
