experiment_tag,time_to_reach_goal,path_length,cumulative_heading_changes,avg_distance_to_closest_person,minimum_distance_to_people,completed,minimum_distance_to_target,final_distance_to_target,robot_on_person_collision,person_on_robot_collision,time_not_moving,avg_robot_linear_speed,avg_robot_angular_speed,avg_robot_acceleration,avg_robot_jerk,avg_pedestrian_velocity,avg_closest_pedestrian_velocity
5_0,23.139892908000004,10.885597560161917,1.2491366838336009,1.93176569959734,0.0,True,0.4582203329846494,0.4582203329846494,1,0,0.5030411501739132,0.46346954326521683,0.06276147266517647,0.7301006258308428,1.9017016477589188,1.0667564420238238,0.9491483885048164
5_1,23.306895780999998,10.922880982240637,0.9139845060761775,1.9709994444234393,0.0,True,0.40284451192224424,0.40284451192224424,0,1,0.0,0.45833598443314344,0.04938477999954959,0.06456354617861786,0.2042776897060406,0.6298347179185861,0.9511343634253779
5_2,23.370168977999995,10.946725272127312,0.8521353635536948,1.9936754518668591,0.0,True,0.3613097279816224,0.3613097279816224,0,2,0.0,0.4577862980763863,0.037046344244327595,0.06344950809746346,0.21573211956453697,1.0005526774005302,0.9819738482839017
5_3,23.829926464000003,10.990831832578712,0.8187802817801586,2.126336176797018,0.0,True,0.3328646957320267,0.3328646957320267,0,2,0.0,0.447378929332318,0.036282694715685695,0.013997806967440157,0.025892994747451933,0.8592538273019011,1.032878314811314
5_4,23.859535633,10.999466432411747,0.9170117612956781,2.0143470622820865,0.0,True,0.3309039681955335,0.3309039681955335,0,2,0.0,0.45113884291875544,0.041389486334210364,0.017324007615961617,0.024612572181261425,1.1744584539354015,1.1680522376019324
