experiment_tag,time_to_reach_goal,path_length,cumulative_heading_changes,avg_distance_to_closest_person,minimum_distance_to_people,completed,minimum_distance_to_target,final_distance_to_target,robot_on_person_collision,person_on_robot_collision,time_not_moving,avg_robot_linear_speed,avg_robot_angular_speed,avg_robot_acceleration,avg_robot_jerk,avg_pedestrian_velocity,avg_closest_pedestrian_velocity
6_0,19.490659196,8.548116586935317,2.1299366640922415,2.678750408259909,0.0,True,0.37329704042614714,0.3733460504405642,0,2,0.0,0.43010238772834536,0.12756200600079076,0.04809704326374772,0.058473260078270285,1.1938271979737407,1.1849823410014413
6_1,18.619624543999997,8.37183718715381,1.8933985439343264,2.6331832303794074,0.0,True,0.42657094929856315,0.42657094929856315,0,2,0.0,0.44113044084205244,0.10689060291626482,0.07610144008737074,0.17136905111555512,1.1817572264249865,1.2389827003684324
6_2,20.305443998999998,8.513681167517214,1.7470709912353217,2.2541703019229744,0.0,True,0.3061357059225433,0.30638160734830283,0,7,0.0,0.4122962582055977,0.10754148874141618,0.17094448413094926,0.5557163521845319,1.0847588850836518,1.1592518714675761
6_3,20.757239012,8.454346252760898,1.6090662772640663,3.4750578125047484,0.4849277177065856,True,0.26175211657057124,0.26211447709823404,0,0,0.0,0.40517105954065663,0.08147112502095379,0.20801146569509676,0.6340528863722943,0.9779296070052615,0.8820994368564317
6_4,20.899438028000002,8.559642687058027,2.129982527346923,3.7877867451199516,0.24353026937468158,True,0.2186516958072224,0.0,0,0,0.0,0.3978399439263092,0.11057229291193099,0.04162032946583181,0.03354623448026792,0.9049929345628319,0.6337288433196046
