experiment_tag,time_to_reach_goal,path_length,cumulative_heading_changes,avg_distance_to_closest_person,minimum_distance_to_people,completed,minimum_distance_to_target,final_distance_to_target,robot_on_person_collision,person_on_robot_collision,time_not_moving,avg_robot_linear_speed,avg_robot_angular_speed,avg_robot_acceleration,avg_robot_jerk,avg_pedestrian_velocity,avg_closest_pedestrian_velocity
6_0,19.259859742,8.502675556372921,2.096192564039883,2.543842182601296,0.06587158939221349,True,0.29764597198806747,0.2977420084115368,0,0,0.0,0.42435138756839186,0.11690780517847335,0.1408785769354429,0.41010866690072445,0.88219176848108,0.884355762829451
6_1,20.258133829000002,8.49229209472284,1.708285737095959,2.486086115213197,0.0,True,0.26894421239355837,0.26931997372815336,1,1,0.506453345725,0.4140088345550211,0.08705789422905706,0.03740377521897215,0.04477148235796986,1.0654475268732808,1.0364609868694086
6_2,22.56043224,8.676700807898271,3.337215720166785,2.2555236358729744,0.026237613240437274,True,0.2882278364990465,0.288356609998185,0,0,0.5013429386666667,0.3896272961313926,0.1588085125491811,0.14314641810717216,0.31547449827918606,0.9073657524334524,0.882364403673744
6_3,21.029541519000002,8.525960048474165,2.0839806547845696,2.3735800479439235,0.08962296569176831,True,0.2697418849112269,0.27014141905540046,0,0,0.5007033695,0.39400027405022353,0.10720089727910735,0.17439441466627442,0.5430879268004163,0.9503588664665701,0.9238658901587378
6_4,24.739981617,8.955385233938635,3.613026286622449,1.5574764555981786,0.0,True,0.2380201835306076,0.0,4,1,0.5048975840204082,0.3575251670430786,0.1553537193681367,0.11348533193766754,0.3140853620746052,0.8642941929075453,0.8970183552950745
