experiment_tag,time_to_reach_goal,path_length,cumulative_heading_changes,avg_distance_to_closest_person,minimum_distance_to_people,completed,minimum_distance_to_target,final_distance_to_target,robot_on_person_collision,person_on_robot_collision,time_not_moving,avg_robot_linear_speed,avg_robot_angular_speed,avg_robot_acceleration,avg_robot_jerk,avg_pedestrian_velocity,avg_closest_pedestrian_velocity
4_0,23.880044969999997,10.984302592259303,0.9090950971442058,5.992022883081594,3.1222838373677626,True,0.33102250908728864,0.33102250908728864,0,0,0.4975009368749999,0.45046170856737733,0.043848955279033194,0.22063794649658916,0.7471545988415276,1.1088740097272234,1.181740892999332
4_1,23.879898231999995,10.953019470908274,0.8180926312885628,4.663999609496702,0.5130775672659273,True,0.3662065053832098,0.3662065053832098,0,0,0.0,0.45757407146091084,0.034673424401922545,0.2043463064524738,2.248959622765166,1.2635753033207269,1.3131549795773008
4_2,23.669652085,10.954855234316637,0.8118879540027435,4.625454877271891,0.34294448860404936,True,0.353922931703975,0.353922931703975,0,0,0.0,0.4561455227342195,0.03594985313806471,0.0407636240104803,0.11430358837449607,1.2653828626817956,1.277780700440215
4_3,23.269571083999995,10.943877643365745,0.9023339752882307,4.940581672536514,0.7766453003347005,True,0.37031732199595624,0.37031732199595624,0,0,0.0,0.4599785468878878,0.03868138287874625,0.13677364743002302,0.4175610155094976,1.1928756414326918,1.242394056689352
4_4,23.856766095,10.973610924163747,0.7665345262087309,4.496740039999601,0.0,True,0.33691005860516304,0.33691005860516304,0,1,0.4970159603125,0.4463004528289266,0.027150828238379655,0.12759917457619716,0.7510936541703508,1.2901669319243176,1.3971743597963635
