experiment_tag,time_to_reach_goal,path_length,cumulative_heading_changes,avg_distance_to_closest_person,minimum_distance_to_people,completed,minimum_distance_to_target,final_distance_to_target,robot_on_person_collision,person_on_robot_collision,time_not_moving,avg_robot_linear_speed,avg_robot_angular_speed,avg_robot_acceleration,avg_robot_jerk,avg_pedestrian_velocity,avg_closest_pedestrian_velocity
0_0,23.00792415799999,9.24082973754847,3.1291320722772316,0.9456728933948819,0.0,True,0.2381775292452316,0.0,1,7,0.5001722643043476,0.3919723986955441,0.1633495623031309,0.22764035821060907,0.7440374302718362,0.755542185617511,0.6738762793874542
0_1,21.508296579,8.990492569597686,2.939756367339901,0.21303229873795937,0.0,True,0.30623424011227235,0.3064645312169465,6,2,0.5001929436976744,0.40730876749070377,0.14426355808872057,0.1961375968858231,0.5695407405764259,0.8227669590761052,0.6368293750572346
0_2,22.557743749999993,9.621236129258957,3.433447755275272,0.9884234329924068,0.0,True,0.32759999293025716,0.3276472349425055,0,6,0.5012831944444442,0.4254785393124039,0.1807317288630752,0.1658030672328707,0.4694665476007488,0.8061929055109833,0.8057236171885586
0_3,22.92085827,9.641774218318135,5.0863167747687825,0.8429520303754788,0.0,True,0.358285362337329,0.358285362337329,1,5,0.49827952760869565,0.41494333254959836,0.2441784762755452,0.6885976222369979,3.359081747586619,1.064568317314247,1.0133696690503806
0_4,21.827488302999996,8.702212241293395,2.5970480740355115,0.4300587216435863,0.0,True,0.2325919902263114,0.0,1,1,0.49607927961363624,0.3962451343352196,0.1356354746713989,0.19398677510488377,0.618620937741649,0.8312737726919143,0.6919041035408704
