experiment_tag,time_to_reach_goal,path_length,cumulative_heading_changes,avg_distance_to_closest_person,minimum_distance_to_people,completed,minimum_distance_to_target,final_distance_to_target,robot_on_person_collision,person_on_robot_collision,time_not_moving,avg_robot_linear_speed,avg_robot_angular_speed,avg_robot_acceleration,avg_robot_jerk,avg_pedestrian_velocity,avg_closest_pedestrian_velocity
7_0,22.105872018000003,9.447004454708868,2.1998326578856835,1.6070298749846,0.0,True,0.060879295249043876,0.0,0,1,0.5024061822272728,0.4134651072364071,0.09543128664150495,0.06432586777823716,0.13823929025981588,0.9330922461129246,0.9504250896062574
7_1,21.950383316000003,9.581380339410622,2.720329684407233,1.6424971773659716,0.0,True,0.04003774484511617,0.0,0,2,0.0,0.42808155759846517,0.135885476155798,0.056179563688150844,0.052723527164958366,1.1007433193953071,1.1432994925271747
7_2,21.850760351999998,9.435886467727883,2.255483225566188,1.6214057788994514,0.0,True,0.046521077345275094,0.0,0,2,0.4966081898181818,0.42558950330892514,0.09904540837415407,0.1457499243624569,0.4500282146753465,0.9596910166223598,1.022549910591776
7_3,23.240313081,9.418241157803848,2.6114937405425174,0.16551410962780838,0.0,True,0.03496772331253027,0.0,1,6,0.0,0.3977541214099121,0.11656956462637512,0.18088441646235376,0.6050989553216282,0.8274940823983987,0.5460648489974737
7_4,21.180233952,9.371379372885743,1.7917321312342902,0.18310221784917655,0.0,True,0.009356795390367557,0.0,3,4,0.5042912845714286,0.43329096803033385,0.08363151357147261,0.040455978621660685,0.04290808491521662,0.8120106219961172,0.5997325937407252
