experiment_tag,time_to_reach_goal,path_length,cumulative_heading_changes,avg_distance_to_closest_person,minimum_distance_to_people,completed,minimum_distance_to_target,final_distance_to_target,robot_on_person_collision,person_on_robot_collision,time_not_moving,avg_robot_linear_speed,avg_robot_angular_speed,avg_robot_acceleration,avg_robot_jerk,avg_pedestrian_velocity,avg_closest_pedestrian_velocity
9_0,23.689852507999998,11.110333926936178,2.055232493405722,1.1775294344675522,0.0,True,0.347821671981562,0.347821671981562,1,0,0.5040394150638298,0.4642293006277471,0.09333555191755656,0.0660635885861242,0.13842445094356018,1.1113212005825692,1.1214193019664827
9_1,23.678971273000002,10.9961825693126,1.4073156604480905,0.99279985912493,0.0,True,0.4156630080822359,0.4156630080822359,1,6,0.503807899425532,0.458334478645563,0.05761816239878806,0.145168972768545,0.41213597327175594,1.154739684872457,1.286519521779258
9_2,25.639946100999996,11.205160010173115,3.6421488067509338,0.9643121205155173,0.0,True,0.30125084872528496,0.30125084872528496,6,3,0.0,0.43194345270036333,0.14551664992854135,0.21016865636172352,0.6072976408471307,1.107248881019835,1.1252444714944434
9_3,24.159890633000007,11.084610161600722,1.919308102684389,0.7668266867016361,0.0,True,0.34266351847042686,0.34266351847042686,1,4,0.5033310548541668,0.44951828465117366,0.08730885438563345,0.10925453900637815,0.3310828629586821,1.1019432844348664,1.0585762193496824
9_4,24.469780041,11.222808122911617,2.7428211240858964,0.9188992061826501,0.0,True,0.2921867842627433,0.2921867842627433,1,3,0.0,0.46013618989799865,0.11070871590095288,0.454500887259123,2.116097288522577,1.1022359111569355,1.0669901638926764
