experiment_tag,time_to_reach_goal,path_length,cumulative_heading_changes,avg_distance_to_closest_person,minimum_distance_to_people,completed,minimum_distance_to_target,final_distance_to_target,robot_on_person_collision,person_on_robot_collision,time_not_moving,avg_robot_linear_speed,avg_robot_angular_speed,avg_robot_acceleration,avg_robot_jerk,avg_pedestrian_velocity,avg_closest_pedestrian_velocity
7_0,31.790440279000002,14.464130097585087,2.4040408970756078,0.996738034122264,0.0,True,0.42187706285316906,0.42187706285316906,11,4,0.5046101631587302,0.45508870266511836,0.08308332608628897,0.14148607882129297,0.4620943579507836,0.9911716904594285,0.8150583780257378
7_1,31.557892108999997,14.32786352127921,1.5199459291735602,0.8375292713928726,0.0,True,0.41297767062813334,0.41297767062813334,16,5,0.0,0.4508805347455113,0.0630507693858624,0.4266984059021996,1.648356592267596,0.9082647821118409,0.8504023483505314
7_2,33.00601249900001,14.478268771254532,2.1982309195461984,0.9781828118172722,0.0,True,0.3572363745962485,0.3572363745962485,12,5,0.5000910984696971,0.4439438963373816,0.07667983730185096,0.18798067520093167,0.6248044530265807,1.0287846820729298,0.906196991895591
7_3,30.528565585000006,14.401208167987932,1.5699605079886418,0.8348156370584646,0.0,True,0.3355628930134695,0.3355628930134695,18,5,0.0,0.46816633586045636,0.06288147130732366,0.18789775298909203,0.6839523646798064,0.8756467481483496,0.8695260930670559
7_4,30.979916661,14.318330782795917,0.3126051669705139,1.0259074094716039,0.0,True,0.3431852356823009,0.3431852356823009,8,0,0.0,0.4681503353331432,0.013586813144772787,0.06040904060269751,0.09055973177740212,0.4416238992428687,0.7200304090469577
