experiment_tag,time_to_reach_goal,path_length,cumulative_heading_changes,avg_distance_to_closest_person,minimum_distance_to_people,completed,minimum_distance_to_target,final_distance_to_target,robot_on_person_collision,person_on_robot_collision,time_not_moving,avg_robot_linear_speed,avg_robot_angular_speed,avg_robot_acceleration,avg_robot_jerk,avg_pedestrian_velocity,avg_closest_pedestrian_velocity
3_0,19.667286436,8.417465195658458,1.884924658336474,5.353083366623955,0.4635866643562059,True,0.3624913963375033,0.36267381346469624,0,0,0.5042893957948719,0.4208957607833863,0.10271066664180295,0.28419967681067504,0.8856262136191413,1.056556188134969,1.0579252368694299
3_1,19.919905626,8.434521198195071,1.8620700886060937,5.251458923219549,0.5135334369105673,True,0.3404338628880745,0.3406616449028724,0,0,0.49799764064999996,0.4099874002253171,0.10436281889626511,0.12359123012906088,0.4979067073131144,1.1026183396272962,1.118144182750918
3_2,19.598399027,8.468271239817705,1.7988630498726952,5.199141354769962,0.5016417021571888,True,0.3094104599493086,0.3095759165367283,0,0,0.502523051974359,0.4222020036410151,0.09285387219798255,0.45906483965161254,1.6288247119880572,1.035999554680128,1.0483706366392833
3_3,20.409264984999997,8.439342028624433,1.8909006100906587,4.79617256874587,0.5899254544687045,True,0.3378555020198472,0.3380537545654135,0,0,0.4977869508536584,0.41511037781612375,0.0978507124626818,0.06960595452373171,0.1655345964074769,0.868651312346177,0.8318844271939325
3_4,20.802578516999997,8.454617887465954,1.8869623854471507,4.387313521430787,0.8300774640997335,True,0.3196790991817091,0.320015689768609,0,0,0.49529948849999994,0.4025609615995763,0.09128467175473703,0.41857288503241447,2.660571957872127,0.8083821447667434,0.8274003365068413
