experiment_tag,time_to_reach_goal,path_length,cumulative_heading_changes,avg_distance_to_closest_person,minimum_distance_to_people,completed,minimum_distance_to_target,final_distance_to_target,robot_on_person_collision,person_on_robot_collision,time_not_moving,avg_robot_linear_speed,avg_robot_angular_speed,avg_robot_acceleration,avg_robot_jerk,avg_pedestrian_velocity,avg_closest_pedestrian_velocity
3_0,19.907546968,8.484355333797136,1.861585921654219,0.3810623144793119,0.0,True,0.3192634370890985,0.3192634370890985,0,0,0.49768867419999996,0.41704582447470634,0.09412950843296035,0.5094507566509586,1.4479132205391605,0.8038623336076266,0.8370937224928479
3_1,20.130812632999998,8.572782189570274,1.9542100206094033,0.5774946940107747,0.0,True,0.3185705379214943,0.3187377096257144,0,1,0.5032703158249999,0.4172007246873846,0.10438091140279593,0.06525271875347562,0.17904366950944206,1.0337313020128245,0.8582241753629573
3_2,20.131971533000005,8.554792038935297,1.8664531001133104,0.5940777139742013,0.0,True,0.3245350029781934,0.3247073191952748,1,1,0.0,0.4165689709524812,0.0995705260348278,0.16195786160437983,0.5756546772194236,1.1301872531311443,0.9403277532308616
3_3,20.510758908000003,8.517016094708248,2.250221277449253,0.5254570961637128,0.0,True,0.3339825278093645,0.3342891703952002,0,1,0.0,0.4091683251885106,0.12670816799799306,0.13246267403496337,0.40157833082248856,0.8010434704634464,0.7431260838345468
3_4,19.668029663999995,8.490957252497015,2.0512546084946264,0.4111619716163302,0.0,True,0.31877583142962534,0.3189389426387143,0,0,0.5043084529230768,0.4197332559792869,0.12935888860262199,0.2620892949338657,0.70144242640352,0.9479254073321888,0.8732288106908372
