experiment_tag,time_to_reach_goal,path_length,cumulative_heading_changes,avg_distance_to_closest_person,minimum_distance_to_people,completed,minimum_distance_to_target,final_distance_to_target,robot_on_person_collision,person_on_robot_collision,time_not_moving,avg_robot_linear_speed,avg_robot_angular_speed,avg_robot_acceleration,avg_robot_jerk,avg_pedestrian_velocity,avg_closest_pedestrian_velocity
9_0,22.309495527,9.292488467585311,1.4246406437709576,5.129391141481399,0.0,True,0.03918563360402676,0.0,0,2,0.0,0.41056683434837243,0.07199370310909428,0.0732427456944282,0.22097183248450458,0.5457111017707696,0.8821009627509497
9_1,21.080609316000004,9.27408142871605,1.1714151007160583,3.343015016620217,0.0,True,0.02973405955328771,0.0,0,2,0.5019192694285716,0.43513537425657045,0.048698001643967766,0.23524587613815545,0.7847764917184248,0.7715434138233314,1.081797582330362
9_2,21.855948185,9.272897773428031,1.2041738845801362,3.297692788329963,0.0,True,0.04260704751805262,0.0,0,2,0.49672609511363636,0.4204814199811706,0.053854966437940584,0.14056685976400296,0.49532220378284236,0.6469311755321044,1.1743043349166213
9_3,21.139814683000004,9.231670932720323,1.091465362778746,2.313294377872669,0.0,True,0.012029673120062109,0.0,1,0,0.5033289210238097,0.4296343756171009,0.05822610142037142,0.1006167248881107,0.344555545718276,0.8478509450138217,1.0422210757730526
9_4,22.169963347999996,9.278053315625971,1.2550278072457228,2.781523750443349,0.0,True,0.048806400276588446,0.0,0,2,0.5038628033636363,0.41929874600023403,0.06262222842786422,0.04971960305463504,0.1228294346103236,0.763304993807329,1.142817215488279
