experiment_tag,time_to_reach_goal,path_length,cumulative_heading_changes,avg_distance_to_closest_person,minimum_distance_to_people,completed,minimum_distance_to_target,final_distance_to_target,robot_on_person_collision,person_on_robot_collision,time_not_moving,avg_robot_linear_speed,avg_robot_angular_speed,avg_robot_acceleration,avg_robot_jerk,avg_pedestrian_velocity,avg_closest_pedestrian_velocity
4_0,30.569926336999995,14.378555076673702,0.7612074586617972,3.3864434224899504,0.0,True,0.3428761606208588,0.3428761606208588,0,1,0.0,0.4670120220980958,0.02635871285516585,0.0857120879514358,0.24391632551724776,0.9426905270931455,0.9853899600816162
4_1,31.019998139999995,14.367911040347723,1.3336816870089896,2.917796388001695,0.0,True,0.4068942078954881,0.4068942078954881,3,3,0.0,0.4649148270887578,0.04688110075393334,0.03788217510871615,0.10783201744552627,1.1782926144254648,1.2376136738367993
4_2,30.620133738999993,14.396224625088337,0.9865435837193477,3.9685326191312793,0.007942667000779835,True,0.36437825061270573,0.36437825061270573,0,1,0.5019694055573769,0.46392221423217234,0.028379572212455403,0.012663914371608126,0.023368575960815582,0.9635680872641962,0.9769783130978072
4_3,30.568543614999992,14.313086520901704,0.9140519479004516,3.869966517105272,0.004956705592392363,True,0.38446407173700925,0.38446407173700925,0,1,0.0,0.4647702813159757,0.03144220632354733,0.10500805205633185,0.31663378981903584,0.9701532798888668,0.9472199706200605
4_4,30.319798796999997,14.375407985328343,0.784078677285732,3.9200185491030894,0.009956361511268552,True,0.3403033051864037,0.3403033051864037,0,1,0.0,0.4741166427361948,0.02720149855046546,0.13633560254432087,0.5155077209978289,0.8303823097523868,0.9948363804258148
