experiment_tag,time_to_reach_goal,path_length,cumulative_heading_changes,avg_distance_to_closest_person,minimum_distance_to_people,completed,minimum_distance_to_target,final_distance_to_target,robot_on_person_collision,person_on_robot_collision,time_not_moving,avg_robot_linear_speed,avg_robot_angular_speed,avg_robot_acceleration,avg_robot_jerk,avg_pedestrian_velocity,avg_closest_pedestrian_velocity
0_0,30.507047259000004,14.321429185917475,0.46499075510174714,1.9176917322558475,0.14924779154679946,True,0.3232098643699027,0.3232098643699027,0,0,0.5001155288360656,0.4630722978854429,0.019965525643875427,0.27600709473530405,1.2395292349279998,1.2006033799999836,1.20913960394993
0_1,30.419552370999995,14.34106129777309,0.27230133655115907,4.632445035905228,0.3026454654801711,True,0.36777097602534153,0.36777097602534153,0,0,0.0,0.4661511144312734,0.00870944877350933,0.12560017143806265,0.4995835464596205,0.9906676749693795,1.0139712058578645
0_2,30.319807286,14.299463320397745,0.39334133933910964,2.4609479863950696,0.0,True,0.37009720820291403,0.37009720820291403,2,1,0.5053301214333333,0.47185004275855413,0.014250148676741965,0.20626013365772689,0.48530743235183366,1.1786019385179007,1.2109147120165704
0_3,30.659460060000008,14.370652247623774,0.44281218899850394,4.837791506692223,0.3466944675164534,True,0.2935631093704471,0.2935631093704471,0,0,0.0,0.46275405365216576,0.018882762001485618,0.060616658477329034,0.19165026384343392,0.8083373267393483,1.0607283608452307
0_4,30.370006384000003,14.349329709762118,0.27199013360704294,3.2848235613853967,0.20708267947907244,True,0.3330546771685052,0.3330546771685052,0,0,0.0,0.4650893001615523,0.010618761796228634,0.004627640270859375,0.010093992552661307,1.1714429732816276,1.202138277985942
