experiment_tag,time_to_reach_goal,path_length,cumulative_heading_changes,avg_distance_to_closest_person,minimum_distance_to_people,completed,minimum_distance_to_target,final_distance_to_target,robot_on_person_collision,person_on_robot_collision,time_not_moving,avg_robot_linear_speed,avg_robot_angular_speed,avg_robot_acceleration,avg_robot_jerk,avg_pedestrian_velocity,avg_closest_pedestrian_velocity
3_0,30.259935401999996,14.356203106204877,0.6910764337220794,3.822097544741059,0.0,True,0.3304328486744889,0.3304328486744889,0,2,0.0,0.4749789824851571,0.020871713937963755,0.010078977782592466,0.02367867061388396,0.7480606269186053,0.597245973049444
3_1,31.05079913699999,14.37761168471271,0.7887871206465342,2.9612801559536184,0.0,True,0.38112236970995556,0.38112236970995556,4,5,0.5008193409193546,0.4681503175090383,0.029896726277763675,0.38097430606967203,1.3650773792400872,1.0785030156724227,0.9751237942839369
3_2,30.430601796,14.40656066314297,1.1020493865465921,4.373052784395095,0.0,True,0.3702367807955415,0.3702367807955415,2,3,0.4988623245245902,0.46561994892295516,0.04480406954501531,0.1594115376606274,0.6044529744747549,1.1393668158238006,1.1332802773333486
3_3,30.559835865000004,14.381128925067157,0.8306754284082141,3.7540372722468924,0.0,True,0.3483664896847359,0.3483664896847359,0,1,0.5009809158196722,0.4659385603950915,0.026771665045362575,0.030307848913648662,0.1008437987728321,0.937283663856828,0.8614038888639497
3_4,30.37009178799999,14.357890056898244,0.8333625263161255,3.9027293212241596,0.0,True,0.3260744689674943,0.3260744689674943,0,2,0.0,0.46562092943547617,0.02846956624958156,0.013711230989564923,0.025225692495584873,0.6851038497572498,0.5941074126843975
