experiment_tag,time_to_reach_goal,path_length,cumulative_heading_changes,avg_distance_to_closest_person,minimum_distance_to_people,completed,minimum_distance_to_target,final_distance_to_target,robot_on_person_collision,person_on_robot_collision,time_not_moving,avg_robot_linear_speed,avg_robot_angular_speed,avg_robot_acceleration,avg_robot_jerk,avg_pedestrian_velocity,avg_closest_pedestrian_velocity
1_0,24.759731286,10.997490488089813,1.6962873250411201,1.9634524902057768,0.0,True,0.3772933850412585,0.3772933850412585,5,1,0.5053006384897959,0.44001058784413155,0.06822956544206853,0.07690128795434958,0.2449749675762979,1.1239231866078765,1.078594896220214
1_1,23.630799115000006,11.06288255326849,1.2954099068762535,1.9404848819140288,0.0,True,0.3106731688502763,0.3106731688502763,5,1,0.0,0.46011653158018767,0.05413619485429145,0.4820913733538991,1.508571023807105,1.2039517436459533,1.191327022014126
1_2,24.208499562999997,10.97708051569465,1.262536900116166,1.6625487144449156,0.0,True,0.41951170661602627,0.41951170661602627,1,3,0.0,0.45851806644707543,0.05658651923189661,0.5017945893145989,1.3512789653490405,1.1084612075812847,1.1932595910323551
1_3,23.768000152000006,11.100215429856519,1.3662617706578426,1.8687648185443002,0.0,True,0.3051066501511573,0.3051066501511573,2,2,0.5057021308936172,0.45888326976234267,0.05597923123842688,0.25754647195480035,0.5300500554264085,0.7761141644641376,1.0727427503381581
1_4,27.030291802999994,11.082927528943614,3.2555345209651363,1.5456248205630532,0.0,True,0.4158165503283586,0.4158165503283586,3,2,0.0,0.40110732429150975,0.1451824200520718,0.3440857737311639,0.774577786711318,1.1487481096797885,1.0862630314744528
