experiment_tag,time_to_reach_goal,path_length,cumulative_heading_changes,avg_distance_to_closest_person,minimum_distance_to_people,completed,minimum_distance_to_target,final_distance_to_target,robot_on_person_collision,person_on_robot_collision,time_not_moving,avg_robot_linear_speed,avg_robot_angular_speed,avg_robot_acceleration,avg_robot_jerk,avg_pedestrian_velocity,avg_closest_pedestrian_velocity
1_0,20.271066625,8.546691822015097,1.7003580828622953,2.465736079578385,0.05693351335962915,True,0.29937814768297805,0.29980116987618965,0,0,0.0,0.40478735309982317,0.08622492605242162,0.060190070060175745,0.1366257273354133,0.5432665715248055,0.7108816935488154
1_1,20.309950893,8.497401771374966,1.667437736936364,2.218384459586436,0.07718193673970764,True,0.27207727490144007,0.27248913781252837,0,0,0.49536465592682927,0.4058784331325735,0.0840485670331488,0.19844391816749377,1.2800654789511743,1.0152945438997518,1.0496201130212743
1_2,19.666278932000004,8.563031061967758,1.832458432980422,2.112614293081138,0.0,True,0.29575345427883726,0.2959504458719867,0,1,0.5042635623589745,0.4329005315925869,0.10997315973338391,0.10525490325535795,0.2633394127493165,1.092313144664693,1.0731807097298085
1_3,19.940129851000002,8.420961932391057,1.7667916305483051,2.3159785672089903,0.059758865275132744,True,0.3210876431793288,0.3213367752631969,0,0,0.49850324627500003,0.42026083009486825,0.09091807208897706,0.14770987119932416,0.34973945520034455,1.127858678449413,1.1719906284361978
1_4,20.769677962000006,8.502882372642109,1.7832794450344904,2.2861629388086175,0.009186265662734172,True,0.29406650442090093,0.2944669230906559,0,1,0.4945161419523811,0.40638401588327006,0.0903656254532323,0.0631028017468789,0.13427533068984837,1.1689997092372477,1.144662567462031
