experiment_tag,time_to_reach_goal,path_length,cumulative_heading_changes,avg_distance_to_closest_person,minimum_distance_to_people,completed,minimum_distance_to_target,final_distance_to_target,robot_on_person_collision,person_on_robot_collision,time_not_moving,avg_robot_linear_speed,avg_robot_angular_speed,avg_robot_acceleration,avg_robot_jerk,avg_pedestrian_velocity,avg_closest_pedestrian_velocity
0_0,22.830752597,8.957198276001181,4.265215217126471,0.6792112089868624,0.0,True,0.3681543144076999,0.3689175713917747,0,1,0.0,0.3844199750268846,0.19961909338258405,0.4480414734099936,1.38234516732632,0.9013249530907694,0.8797142057478168
0_1,19.619834060000002,8.469927489248091,2.0581205711797086,0.6998330091782092,0.09777978018790245,True,0.3676794152996154,0.3678680669732908,0,0,0.5030726682051283,0.4284530940934118,0.10701398089115637,0.07820449010011528,0.17669817229266796,0.8747160667185,0.7480345461115865
0_2,19.088313442999997,8.54166716506339,3.211254993726539,0.13188697579969746,0.0,True,0.40291018376970317,0.40291018376970317,5,6,0.0,0.43689270064892893,0.16902963427641549,0.6014238286526512,2.15182671934486,0.7762398144894325,0.6481958503682145
0_3,23.008440880000002,8.603662609711744,4.071945673496237,0.08560482334059687,0.0,True,0.2902993234790798,0.29065554132988985,9,9,0.5001834973913044,0.3627047514262347,0.19332156721314978,0.3820344707058079,1.025821235110161,0.7546233213449073,0.5982297269995891
0_4,21.04990975000001,8.499678602705986,2.647167555158306,0.011721956267007054,0.0,True,0.3200807096063883,0.3203750155605947,27,6,0.5011883273809525,0.4004135209461018,0.14112469033103262,0.6568012226426293,2.5087880541711174,0.589950069657715,0.6065457786496423
