experiment_tag,time_to_reach_goal,path_length,cumulative_heading_changes,avg_distance_to_closest_person,minimum_distance_to_people,completed,minimum_distance_to_target,final_distance_to_target,robot_on_person_collision,person_on_robot_collision,time_not_moving,avg_robot_linear_speed,avg_robot_angular_speed,avg_robot_acceleration,avg_robot_jerk,avg_pedestrian_velocity,avg_closest_pedestrian_velocity
7_0,20.689982695,8.564919679050725,1.6988167757693313,2.9539317209095524,0.0,True,0.28232041753859494,0.28282497692768865,1,0,0.5046337242682927,0.4077658844411025,0.08404413603353318,0.16652597678438305,0.39901619940501276,1.1024268762478708,0.9147925248713711
7_1,22.254917688000003,9.032105471469606,2.705602308220339,3.436532094596063,0.0,True,0.2959801956247659,0.2963144016417302,0,2,0.0,0.39976568662770556,0.13886657666053867,0.17367648942486116,0.5195762926108726,1.1262988278751587,1.0403604297700237
7_2,22.10668742,9.091801749189392,2.751433117948021,3.2644957523318787,0.0,True,0.28436908251241283,0.28468317813472194,0,2,0.502424714090909,0.40673782240477924,0.13151841004218956,0.13075906117606126,0.28694649754466545,1.1793210079213121,1.101388922264263
7_3,20.130099778,8.50351028715706,1.647282406127979,3.196027408362543,0.0,True,0.335076984818781,0.33558829310542904,1,0,0.5032524944500001,0.4132127165132142,0.09440396120557469,0.2002559305917956,0.5854127724462913,1.0465207248565047,0.9126117868326464
7_4,23.506875286000003,9.183499385577077,3.026458601443859,3.3338658834936847,0.0,True,0.27594074618034814,0.2764040875256806,0,2,0.5001462826808512,0.3885955532506344,0.1402250894381288,0.5349197104933557,1.8899304634763063,1.1676352013403255,1.108782759970501
