experiment_tag,time_to_reach_goal,path_length,cumulative_heading_changes,avg_distance_to_closest_person,minimum_distance_to_people,completed,minimum_distance_to_target,final_distance_to_target,robot_on_person_collision,person_on_robot_collision,time_not_moving,avg_robot_linear_speed,avg_robot_angular_speed,avg_robot_acceleration,avg_robot_jerk,avg_pedestrian_velocity,avg_closest_pedestrian_velocity
3_0,22.690044243999996,9.112131063812836,2.6228970029529135,0.11915547698241251,0.0,True,0.29024860062408236,0.2910596575754903,8,13,0.5042232054222221,0.4023479502429554,0.11936720696119466,0.09579214513324576,0.2409332669275336,0.7959214085246641,0.6536894728949729
3_1,23.830140232,9.359192174121342,3.4583228991823387,0.5055403732018104,0.0,True,0.2600322613565071,0.2609222455309927,7,5,0.49646125483333337,0.387115949060199,0.15667845421329413,0.15739229734441823,0.4480192118934823,0.9488742376990031,0.731535639349784
3_2,22.858572512,9.23860530795137,4.33836209695045,0.7479095216372221,0.0,True,0.35808633012888375,0.35832065445699524,10,8,0.4969254893913043,0.39981136220332364,0.18346874723701687,0.2246863286060616,0.6400970164927341,1.0426540848591763,1.001145437972266
3_3,20.962178353000006,9.217425795432623,3.062619900573543,1.0344918634592308,0.0,True,0.333056762019213,0.3331060859658023,2,4,0.0,0.4349754819969366,0.1564322426364896,0.2579561295124353,0.8348481407560603,1.1562320838292401,1.180482945318912
3_4,22.718857824999997,9.460857562663454,2.8375203269842144,0.5298368454064015,0.0,True,0.25380645722334694,0.2544248209070306,9,5,0.5048635072222222,0.4114995089734476,0.1394244841499016,0.1355273051188963,0.3653417451062332,1.0207049465552782,0.8972474652882375
