experiment_tag,time_to_reach_goal,path_length,cumulative_heading_changes,avg_distance_to_closest_person,minimum_distance_to_people,completed,minimum_distance_to_target,final_distance_to_target,robot_on_person_collision,person_on_robot_collision,time_not_moving,avg_robot_linear_speed,avg_robot_angular_speed,avg_robot_acceleration,avg_robot_jerk,avg_pedestrian_velocity,avg_closest_pedestrian_velocity
8_0,23.049935680000008,8.89248495975859,3.557777211646388,1.7173689164754908,0.00059730837145755,True,0.21196834003844192,0.0,0,1,0.0,0.37616823531687643,0.19750011797441222,0.21366417376696573,0.4839408787660662,1.0752453204501289,1.026515841811152
8_1,20.415417458999997,8.69746667931683,2.816059217673342,1.5583423340306553,0.0,True,0.43347806434917,0.43347806434917,1,5,0.49793701119512185,0.4279404585617081,0.1592954855409984,0.06160596185337391,0.09792261412611827,1.1422194326367658,0.9625324716786545
8_2,20.529678057,8.820312672172347,3.061359442183425,1.6617429145414528,0.0,True,0.3544231810059823,0.3544231810059823,0,1,0.5007238550487805,0.4191622701127611,0.1526277534439496,0.14314590963250717,0.39907835194761115,0.6310723421031561,0.9716588384564024
8_3,21.557812439,8.840288067291281,3.177172565000616,1.6041341833743656,0.01397437525375722,True,0.3401754666529973,0.3402387231810889,0,1,0.5013444753255814,0.4001163661898973,0.1661962447995761,0.14338829817885418,0.34146433318550096,0.9642315825378254,0.8976564817414971
8_4,21.455347628000002,8.569733020535764,1.8970658023760514,1.9408408185092518,0.059507158167077856,True,0.26303731051918455,0.2636851066628793,0,0,0.49896157274418607,0.39880669201161534,0.09554174730329662,0.260800174004773,0.8514905338709798,1.0805572768501877,1.0134750390004812
