experiment_tag,time_to_reach_goal,path_length,cumulative_heading_changes,avg_distance_to_closest_person,minimum_distance_to_people,completed,minimum_distance_to_target,final_distance_to_target,robot_on_person_collision,person_on_robot_collision,time_not_moving,avg_robot_linear_speed,avg_robot_angular_speed,avg_robot_acceleration,avg_robot_jerk,avg_pedestrian_velocity,avg_closest_pedestrian_velocity
1_0,19.470299198000003,8.472660757997888,2.004870613637302,3.646333045041902,0.0,True,0.3563702316935911,0.35653072699385935,0,1,0.49923844097435904,0.4220359999358946,0.1224429058120901,0.05023960868346986,0.0671561311545906,1.0571926386277923,1.0021582380042053
1_1,21.507396109999995,8.491345752514087,2.4352621690705694,2.8096827636307804,0.0,True,0.28260061873097947,0.2832423365004028,1,1,0.5001720025581394,0.39745568640978335,0.11600554378565085,0.6881304438742476,2.5941866049308966,1.0208880338984407,1.0719131611974388
1_2,19.410081329,8.479592818384445,2.031788599847847,3.0561858851883597,0.0,True,0.3090486052233412,0.3091753263931112,0,2,0.49769439305128205,0.42713899488270046,0.11299139760562568,0.4721609309943484,1.8558577574466848,1.0838072084163104,1.0395268036762286
1_3,19.800057277999997,8.459406327138192,1.9371474416252576,3.135071370388541,0.0,True,0.2950151760058435,0.2952337702514285,0,1,0.4950014319499999,0.41191664109779463,0.10473702321043915,0.2636654770208272,1.566025140215095,1.0931341779932868,1.0065056804226773
1_4,22.957884744000005,8.627702890825972,3.959567417360583,2.899268976651928,0.037572207167009264,True,0.21420759925167293,0.0,0,0,0.0,0.3696090995032293,0.1898568360211649,0.18460805854382709,0.3779431545066883,0.9961791741886263,1.0683885883820763
