experiment_tag,time_to_reach_goal,path_length,cumulative_heading_changes,avg_distance_to_closest_person,minimum_distance_to_people,completed,minimum_distance_to_target,final_distance_to_target,robot_on_person_collision,person_on_robot_collision,time_not_moving,avg_robot_linear_speed,avg_robot_angular_speed,avg_robot_acceleration,avg_robot_jerk,avg_pedestrian_velocity,avg_closest_pedestrian_velocity
4_0,25.199174969999998,10.938046393889882,1.1593056035168456,1.6220329221351886,0.0,True,0.3919895663756435,0.3919895663756435,1,1,0.5039834994,0.4379606108558673,0.04882575019012998,0.42525945086177314,0.9552315167873363,1.079628727002375,0.9615675489358143
4_1,25.230289741000004,10.964194732169362,1.7252632177754732,2.369324340491103,0.0,True,0.44482225499303635,0.44482225499303635,2,4,0.5046057948200001,0.4411824380396612,0.06715247502517231,0.15819317018176804,0.545134586910515,1.0111445985063119,0.9690879367827334
4_2,26.820371875999996,11.145808609095946,3.522203864345679,2.125262051583799,0.0,True,0.3448937369294134,0.3448937369294134,0,5,0.0,0.41628566354537233,0.14108799539884564,0.44087948736358096,1.0648150500282076,1.200026549476203,1.1450910941022288
4_3,23.239969255000002,10.933951000677698,0.8104715497949111,1.9356590388646682,0.0,True,0.37912533923502434,0.37912533923502434,1,0,0.0,0.4645849290659473,0.037577347960366984,0.24923229707451014,0.8658349678581816,1.1482375067407449,1.098549325109124
4_4,23.120630171000006,10.906371624753145,0.8383886464057961,2.1618750101488455,0.0,True,0.4143364844270086,0.4143364844270086,1,0,0.0,0.46528580891078014,0.040944734845769964,0.016328062182965414,0.020738285659462233,1.1456642274539441,1.0417801560792097
