experiment_tag,time_to_reach_goal,path_length,cumulative_heading_changes,avg_distance_to_closest_person,minimum_distance_to_people,completed,minimum_distance_to_target,final_distance_to_target,robot_on_person_collision,person_on_robot_collision,time_not_moving,avg_robot_linear_speed,avg_robot_angular_speed,avg_robot_acceleration,avg_robot_jerk,avg_pedestrian_velocity,avg_closest_pedestrian_velocity
6_0,23.929812562,10.978275264599631,0.8198868432696242,3.484229437067277,0.36246304347038727,True,0.3329529569844607,0.3329529569844607,0,0,0.4985377617083333,0.44630036912389365,0.03654647408394666,0.21776033377733198,0.7410861966762029,1.1538200023688638,1.2896623828551572
6_1,23.876675128000002,10.915138186266413,0.9070210753433523,3.990311664773612,1.7946633965716718,True,0.39270288507686923,0.39270288507686923,0,0,0.0,0.4569023196368681,0.03740737430446845,0.30442833567754685,0.641693367275603,1.1951793188825546,1.2384007515951578
6_2,23.860014375000006,10.930859517910706,0.8466120121974199,3.2574452094619892,0.13993741632944912,True,0.38611586975554885,0.38611586975554885,0,0,0.0,0.45757384044099547,0.04162860380324581,0.06396349093081793,0.2131434895654054,1.0951289025366067,1.1931873865301832
6_3,24.059770793000002,11.000865665584843,1.314585375487896,2.700358821338743,0.12627565390736428,True,0.3348764917822265,0.3348764917822265,0,0,0.0,0.4624100754758733,0.06316974563391657,0.049620770728307194,0.12358208481031657,0.9763618404552257,0.8798778271601708
6_4,24.607641860999998,10.977785774388742,0.8107971941027903,3.548516773048018,0.12534394628429968,True,0.33926039013649717,0.33926039013649717,0,0,0.0,0.4494852404828395,0.034500684559584674,0.08381976451114488,0.29885188965254583,1.0756920207916298,1.1379443571566192
