experiment_tag,time_to_reach_goal,path_length,cumulative_heading_changes,avg_distance_to_closest_person,minimum_distance_to_people,completed,minimum_distance_to_target,final_distance_to_target,robot_on_person_collision,person_on_robot_collision,time_not_moving,avg_robot_linear_speed,avg_robot_angular_speed,avg_robot_acceleration,avg_robot_jerk,avg_pedestrian_velocity,avg_closest_pedestrian_velocity
3_0,23.909922156999997,11.011904758354973,0.8386984825530255,2.7170783581489157,0.29676252153628613,True,0.30667443624259155,0.30667443624259155,0,0,0.49812337827083325,0.44898465947710925,0.03171866191975299,0.155071425884774,0.5883722786228062,1.0474554738069513,1.049597478782225
3_1,24.356364037000006,11.083222057619837,1.442221424291466,1.749510737909313,0.0,True,0.33834320935656154,0.33834320935656154,1,2,0.0,0.4496095334073425,0.06325281757392044,0.3886015503625474,3.8263440028598046,0.801757298281307,0.6127676974112682
3_2,24.673466002999998,10.970702547045923,0.9269471760464936,2.2122698885072203,0.0,True,0.3396069335624413,0.3396069335624413,3,4,0.0,0.44843196103639116,0.04320631137527207,0.08834672740706324,0.30820250959934176,1.1510164346839014,1.1034524419222682
3_3,23.370010778999998,10.958434067497334,1.0516335150306517,2.0153108791196757,0.0,True,0.3593995627520423,0.3593995627520423,0,1,0.0,0.4588824637450277,0.045271968936744435,0.06549729817653394,0.21398526274304136,1.0529138495644785,0.9594546021749287
3_4,23.419997937999995,10.95546213657023,1.0736288900133335,1.899644138594838,0.0,True,0.36016434921444923,0.36016434921444923,0,1,0.0,0.45778534284488875,0.04660479980521189,0.06574066249020681,0.2271493051515492,0.9089342867977247,0.8421442363750061
