experiment_tag,time_to_reach_goal,path_length,cumulative_heading_changes,avg_distance_to_closest_person,minimum_distance_to_people,completed,minimum_distance_to_target,final_distance_to_target,robot_on_person_collision,person_on_robot_collision,time_not_moving,avg_robot_linear_speed,avg_robot_angular_speed,avg_robot_acceleration,avg_robot_jerk,avg_pedestrian_velocity,avg_closest_pedestrian_velocity
2_0,22.009818726000002,9.148361952619412,2.8084020078672958,1.8493298934066782,0.0,True,0.211049648776861,0.0,0,2,0.5002231528636364,0.4071880245657029,0.14547983554125732,0.13731483879722087,0.37583620554028746,0.9494528313821657,0.9285411220366881
2_1,22.079955862999995,9.320610450414359,2.976040535839679,0.5594973282483322,0.0,True,0.25974593625641595,0.2600456671870467,3,4,0.5018171787045453,0.41346618988700506,0.14952385204724944,0.16759581965914083,0.374775902622115,1.0964614573074871,1.000837119541962
2_2,22.558497725,9.08459719757169,2.75693118217209,0.6241148641703768,0.0,True,0.2224711572271846,0.0,4,4,0.0,0.3930627246302677,0.128573145662016,0.05263832378631913,0.05725672096424612,1.143475554739462,1.0990570667103186
2_3,21.62997197899999,9.01530738426507,3.118522035175061,0.8253752068332808,0.0,True,0.31493423872578824,0.3152705195877943,5,5,0.5030226041627904,0.41942597361527817,0.15503548027287933,0.464131924140387,1.0913186656254092,1.2518645261546526,1.1967530678182363
2_4,22.508995595,8.905144533849892,2.7743864407545753,0.4098031973753604,0.0,True,0.27727008436180556,0.27795863840277746,11,7,0.0,0.3886277058244371,0.1381182837532165,0.12714736438963756,0.36311024950916504,1.0784716563108716,1.0032720313150243
