experiment_tag,time_to_reach_goal,path_length,cumulative_heading_changes,avg_distance_to_closest_person,minimum_distance_to_people,completed,minimum_distance_to_target,final_distance_to_target,robot_on_person_collision,person_on_robot_collision,time_not_moving,avg_robot_linear_speed,avg_robot_angular_speed,avg_robot_acceleration,avg_robot_jerk,avg_pedestrian_velocity,avg_closest_pedestrian_velocity
5_0,23.900214523999995,11.228070123956222,2.387812126833262,0.8355263401105746,0.0,True,0.34171542066735344,0.34171542066735344,7,2,0.0,0.45931828323194207,0.10671122311721722,0.17597058837678223,0.5860826331297248,0.9634388191187175,0.9389842871281252
5_1,24.129890560000003,11.035301887921284,1.3092422417104768,2.1499287576600574,0.0,True,0.3472152277375518,0.3472152277375518,0,2,0.5027060533333334,0.4591869166626365,0.05966082345818081,0.047309119984632414,0.11817318573597237,0.9329969151498839,0.9576324084456795
5_2,23.599397215000007,11.056689229788109,1.195487125661316,2.0526003749200865,0.0,True,0.31645080218179117,0.31645080218179117,0,2,0.0,0.46381726729884515,0.051320124639791236,0.0704970810178606,0.2235552997893533,0.9194012636672827,0.9537098554741039
5_3,24.630049069999995,11.042161709701855,1.0373098142907455,1.7885641491689748,0.0,True,0.27160117306655873,0.27160117306655873,4,3,0.0,0.442514400010808,0.04613732012385013,0.04228590323748655,0.11122958745782056,0.9426833622953685,0.9166446927289574
5_4,23.510027215999987,11.02651904204784,1.172170234150491,2.0873490896799436,0.0,True,0.32536750237241957,0.32536750237241957,0,2,0.5002133450212763,0.4609378640506505,0.0554690407813114,0.24402823942091934,0.9328610279663173,0.9124708537115974,0.9047523494348951
