experiment_tag,time_to_reach_goal,path_length,cumulative_heading_changes,avg_distance_to_closest_person,minimum_distance_to_people,completed,minimum_distance_to_target,final_distance_to_target,robot_on_person_collision,person_on_robot_collision,time_not_moving,avg_robot_linear_speed,avg_robot_angular_speed,avg_robot_acceleration,avg_robot_jerk,avg_pedestrian_velocity,avg_closest_pedestrian_velocity
7_0,20.357195143000002,8.439643736841317,1.8772643504984279,5.733312490734201,0.33646695157391604,True,0.37773906573573623,0.37801382292183033,0,0,0.0,0.41104500401372673,0.10158790245042106,0.06949360513775248,0.17178982159373493,1.0210872115040932,1.087254126082438
7_1,20.009553740999998,8.465425425207494,1.8389356547334659,3.081944944463688,0.3158250343890998,True,0.34450211790184243,0.34465431593047136,0,0,0.0,0.42217943011412856,0.09667879694801654,0.09380204578942088,0.2727927598996588,1.0768480178181092,1.0904430906869609
7_2,20.15701063399999,8.44499475532953,1.8494308224761902,3.0143308802852835,0.0,True,0.33800992249271383,0.33818360192508873,1,0,0.0,0.41979031357784197,0.08873180197307474,0.09434139484537701,0.16376381778941176,1.0245439492838333,1.0989749816154577
7_3,20.006828813000006,8.478381174268582,1.8890954963700701,3.873750044367796,0.5136322075032933,True,0.3172914545478043,0.31756327323199296,0,0,0.5001707203250001,0.4143290092971227,0.09252603523870934,0.3970258381570444,1.5349813623125073,0.8939186332623511,0.7938085957839116
7_4,20.306955915,8.448447369776542,1.878609019269538,4.68962726106783,0.5856205049817071,True,0.3393449971051458,0.3397470412260232,0,0,0.0,0.40039988786227193,0.10229200761463077,0.03881235398127322,0.04791400399504286,0.8931431824513474,0.7038257699530257
