experiment_tag,time_to_reach_goal,path_length,cumulative_heading_changes,avg_distance_to_closest_person,minimum_distance_to_people,completed,minimum_distance_to_target,final_distance_to_target,robot_on_person_collision,person_on_robot_collision,time_not_moving,avg_robot_linear_speed,avg_robot_angular_speed,avg_robot_acceleration,avg_robot_jerk,avg_pedestrian_velocity,avg_closest_pedestrian_velocity
8_0,20.079683455999998,8.432107509013004,2.143684583675482,3.1648375488283107,0.0,True,0.3514161241673083,0.3517210422929744,0,2,0.5019920863999999,0.4093506350629585,0.11079038852402102,0.04306528281302069,0.06555977436604069,1.0068177354396186,1.0712044871892035
8_1,19.859943961,8.443961892698422,1.80353938518962,3.209382214819495,0.2683273727387554,True,0.3491872868081202,0.34944142473312984,0,0,0.0,0.4149685593527327,0.102115224974932,0.09378046121795498,0.2725121624312761,0.8966400224850378,0.8654740714964569
8_2,20.119498845000003,8.457819959410497,1.9009064270035565,3.0620533163874013,0.035666245739493396,True,0.3573723104968713,0.3575457965607605,0,0,0.0,0.41976251274194776,0.09957415636479094,0.042556320986776364,0.05028860256091668,0.9547907753355402,0.9105276602010882
8_3,19.879789033000005,8.446466324039418,1.9180467232725023,3.1705671898227035,0.0,True,0.353972611715166,0.3542315260189669,3,0,0.49699472582500015,0.41705075153916776,0.09610495982592238,0.18751440566905084,0.794926948999404,0.9928410630078096,1.0161778425140928
8_4,20.379928779,8.479503348136028,1.9164657460618368,2.079082832989539,0.0,True,0.32645531435696856,0.32671875037958925,1,0,0.0,0.41809067148491375,0.10476511038688109,0.40602371432144413,0.8590287377671766,0.8577623928837428,0.8720849571929731
