experiment_tag,time_to_reach_goal,path_length,cumulative_heading_changes,avg_distance_to_closest_person,minimum_distance_to_people,completed,minimum_distance_to_target,final_distance_to_target,robot_on_person_collision,person_on_robot_collision,time_not_moving,avg_robot_linear_speed,avg_robot_angular_speed,avg_robot_acceleration,avg_robot_jerk,avg_pedestrian_velocity,avg_closest_pedestrian_velocity
3_0,23.938812857000002,11.031918258517685,1.7005318497018558,2.5509468921222123,0.0,True,0.3232274132797626,0.3232274132797626,0,3,0.0,0.45113894537341725,0.07649559446163927,0.05599459451028394,0.1368096053814472,0.9282184017225433,1.0445040730475792
3_1,23.529704691,11.020228467936656,1.5839236615388175,2.919996958813144,0.0,True,0.3398926704119429,0.3398926704119429,0,2,0.5006320147021276,0.4577873164010265,0.07269976566386627,0.1110578585779848,0.35587542572406605,0.7857986467890067,0.9209912346971129
3_2,23.807757406,11.052221159250458,2.047571757762154,1.7676890126643534,0.0,True,0.3301597631887176,0.3301597631887176,0,2,0.9919898919166666,0.448981529006627,0.08431803192086973,0.3211337182150527,22.020797962206686,0.7923924892784465,0.8414578011637996
3_3,23.688938830999998,11.095721452980337,2.165060726510164,2.835030110755008,0.0,True,0.32585608717027315,0.32585608717027315,0,4,0.5040199751276595,0.4605294152479569,0.1114082973879118,0.05140686525638521,0.056456847853142283,1.1196434509693747,1.1494221772216797
3_4,24.159258696,11.090990604143657,1.8540554455953009,3.1280759461499676,0.0,True,0.32937259023988724,0.32937259023988724,0,3,0.0,0.4645560661310649,0.07754884813807728,0.10342526121562383,0.3261637733585922,1.0217306029674773,1.051160279364005
