experiment_tag,time_to_reach_goal,path_length,cumulative_heading_changes,avg_distance_to_closest_person,minimum_distance_to_people,completed,minimum_distance_to_target,final_distance_to_target,robot_on_person_collision,person_on_robot_collision,time_not_moving,avg_robot_linear_speed,avg_robot_angular_speed,avg_robot_acceleration,avg_robot_jerk,avg_pedestrian_velocity,avg_closest_pedestrian_velocity
1_0,22.429905026,9.257678715257306,1.5312707639607481,1.798270694855536,0.0,True,0.1266400863952746,0.0,1,0,0.4984423339111111,0.4123525789505809,0.07159327736508356,0.13199862371982912,0.4356244621140837,1.1143090252057044,1.0111324772184218
1_1,21.540325211999996,9.615556095142761,2.136227986198928,0.9842532740760895,0.0,True,0.023464961934851966,0.0,0,4,0.0,0.4455774249192175,0.11313348845081897,0.047759489544795614,0.056492911016530374,1.1047320364937847,1.078649154259413
1_2,21.007040772,9.536573800228286,2.001373285352008,1.8973242626989257,0.0,True,0.026021655506637893,0.0,0,2,0.0,0.4542432288107001,0.10321969521103415,0.4300868160342876,1.4465871863296276,0.9135005874994295,0.8457230634107329
1_3,21.580278621000005,9.257547888330516,1.3092662038750564,0.2165591399206005,0.0,True,0.007523453813032239,0.0,3,3,0.5018669446744187,0.4292867317922251,0.06084213845511376,0.15681538512632323,0.48203865175881067,0.814073034462529,0.7472877430808922
1_4,21.129922599999997,9.64937464675363,2.149309650915074,0.6416326372663532,0.0,True,0.0018723309250317677,0.0,1,2,0.0,0.45959811093803604,0.10718790940720388,0.24341941306118792,0.8554987334591493,0.9773836994267703,0.841098560287653
