experiment_tag,time_to_reach_goal,path_length,cumulative_heading_changes,avg_distance_to_closest_person,minimum_distance_to_people,completed,minimum_distance_to_target,final_distance_to_target,robot_on_person_collision,person_on_robot_collision,time_not_moving,avg_robot_linear_speed,avg_robot_angular_speed,avg_robot_acceleration,avg_robot_jerk,avg_pedestrian_velocity,avg_closest_pedestrian_velocity
0_0,19.058303641,8.756680556001067,3.2537683374486006,1.7965945742831895,0.0,True,0.43884119355861634,0.43884119355861634,2,1,0.0,0.45090444702876287,0.1839150608935445,0.5402545971362107,1.519522089554145,1.056587053079998,1.0633718021690322
0_1,21.000375913999992,8.996287904727696,2.919738829783988,1.6652022290876212,0.0,True,0.3376280428877145,0.3376787622093184,0,4,0.0,0.4215137670085262,0.15615052379504205,0.24439616669284733,0.7696969234644173,0.9234965953620511,0.9137721039878762
0_2,21.920098246000002,8.943478168131255,3.003458422322342,1.2372326163797664,0.0,True,0.24606523906001285,0.0,3,3,0.4981840510454546,0.400169073580804,0.1343605111865494,0.2604800714900181,1.0913303512996615,1.0821368111994094,1.0696976133986544
0_3,20.940174038999995,8.528654278183605,2.2710567548825855,0.24396211122140884,0.0,True,0.2942702917552038,0.29453793896076214,6,4,0.4985755723571427,0.4025562629695766,0.12348474534972351,0.2104000459616306,0.6999810626099978,0.9139275570478522,0.7385640143106222
0_4,23.559631564,8.864380236019539,4.213439882331053,1.4926339211342086,0.0,True,0.3021344453053786,0.3024113548516268,2,4,0.501268756680851,0.3799909103037759,0.17572156424355465,0.38202288634868814,1.0892641196804398,1.0376926717347073,1.0590257918409007
