experiment_tag,time_to_reach_goal,path_length,cumulative_heading_changes,avg_distance_to_closest_person,minimum_distance_to_people,completed,minimum_distance_to_target,final_distance_to_target,robot_on_person_collision,person_on_robot_collision,time_not_moving,avg_robot_linear_speed,avg_robot_angular_speed,avg_robot_acceleration,avg_robot_jerk,avg_pedestrian_velocity,avg_closest_pedestrian_velocity
7_0,31.606897294,14.44789658617967,1.1105997872382627,4.7950382766519315,0.0,True,0.3525213433167347,0.3525213433167347,0,4,0.0,0.463074001677762,0.040979599755437676,0.33858163096373606,0.7766403657047299,1.0905503991537349,1.0635961665835376
7_1,30.929936073000007,14.45667229740073,1.263950896593299,4.73096349475393,0.0,True,0.33101250454879755,0.33101250454879755,1,6,0.0,0.462929449926561,0.0430612272446478,0.060802603234313954,0.19742535943854336,1.1746876166216873,1.1050635605519898
7_2,31.156933195,14.404162402021539,1.3217104564420552,4.650207697250372,0.0,True,0.35846045377000674,0.35846045377000674,1,3,0.0,0.46031725984081023,0.041818385927748024,0.05578535911811308,0.17578067111377296,1.2037860217126706,1.1044218094354317
7_3,32.85782248799999,14.483250873876496,1.8977339830771252,3.1124138103455445,0.0,True,0.38415409881725493,0.38415409885721064,3,3,0.9956915905454542,0.44424180442950123,0.0558531139352547,0.18334143481168422,5.39437371293441,1.0269342906645624,0.9618924734397598
7_4,30.420195951,14.400685876118883,1.1641753145451967,4.148021950500629,0.0,True,0.35864493743723036,0.35864493743723036,0,3,0.0,0.4657396681592965,0.03868590354825986,0.03728962611842888,0.10474371594147507,1.1389139862417361,1.1132094171190459
