experiment_tag,time_to_reach_goal,path_length,cumulative_heading_changes,avg_distance_to_closest_person,minimum_distance_to_people,completed,minimum_distance_to_target,final_distance_to_target,robot_on_person_collision,person_on_robot_collision,time_not_moving,avg_robot_linear_speed,avg_robot_angular_speed,avg_robot_acceleration,avg_robot_jerk,avg_pedestrian_velocity,avg_closest_pedestrian_velocity
4_0,20.860187096999997,9.411140876432656,2.7126081353043907,0.3056371181986711,0.0,True,0.10350055041745437,0.0,0,5,0.0,0.4418508808269546,0.13757005824108595,0.19201357859027157,0.5872776890670887,0.8833464612973593,0.857486757533734
4_1,21.450100847000005,9.32453812366384,1.8005018331665483,0.6274951622924274,0.0,True,0.012069819199837642,0.0,0,3,0.49883955458139545,0.42389809054222666,0.08531931652657228,0.11355315261857628,0.34455768199842857,0.9018782739152497,0.8085224921061972
4_2,22.029649998999993,9.28855594205774,2.3797707530453507,0.9933361457480941,0.0,True,0.03998955265559378,0.0,0,5,0.5006738636136362,0.41798671759658657,0.1032071998451387,0.2697741842400335,0.901738472548319,0.9181080867065397,0.9238487154363466
4_3,21.392285266,9.606437617636306,2.712728459546686,0.19852209709282953,0.0,True,0.10082665660149023,0.0,5,8,0.0,0.43315211480632326,0.13301331487489232,0.25756698075694673,0.9811470497522855,0.8243056924098514,0.7189847372335441
4_4,23.029911638,9.863395574362112,3.695374419429959,0.3497837283256946,0.0,True,0.07404634467192531,0.0,4,8,0.0,0.4153362317365656,0.16223623280066027,0.36321255621900694,1.2448335166731088,0.9110383915676277,0.8914103331671566
