experiment_tag,time_to_reach_goal,path_length,cumulative_heading_changes,avg_distance_to_closest_person,minimum_distance_to_people,completed,minimum_distance_to_target,final_distance_to_target,robot_on_person_collision,person_on_robot_collision,time_not_moving,avg_robot_linear_speed,avg_robot_angular_speed,avg_robot_acceleration,avg_robot_jerk,avg_pedestrian_velocity,avg_closest_pedestrian_velocity
2_0,30.157843582999995,14.320364592326573,0.2703211298878947,3.2858800486619626,1.094631752240414,True,0.34220515630366455,0.34220515630366455,0,0,0.5026307263833333,0.4689392841404685,0.006045802450168873,0.003263113660404867,0.007858157678672423,0.8072801815569254,0.8098401208308716
2_1,31.806943382999993,14.572721641221143,1.7618773024866456,1.6694607146842093,0.0,True,0.3527830601563375,0.3527830601563375,2,1,0.0,0.46741539880282,0.061807010062840846,0.08079542476824768,0.18172436690253577,1.0729318602452818,1.0972227571869584
2_2,31.639746370999994,14.618451797294732,1.9984013363296103,3.8427195001902987,0.0,True,0.37876164245320654,0.37876164245320654,0,3,0.0,0.45395646736516787,0.06642739873945464,0.17879687672193895,0.5001912638464799,0.7958539274651903,0.7614584833670265
2_3,31.879838468999996,14.613860684310927,1.8591291846078373,1.6932076795071336,0.0,True,0.31082049059788613,0.31082049059788613,11,5,0.49812247607812493,0.461942888138842,0.06950272844383086,0.2749454262667162,1.8503516868155838,0.9947492342151472,1.101917136412756
2_4,31.10985996300001,14.583860647760504,1.853323406929646,2.1627887218688726,0.0,True,0.3614947128843945,0.3614947128843945,7,4,0.0,0.4650177887822541,0.06339620250157019,0.049290390917612205,0.11361816353527437,1.0173446581997243,1.0927715685946116
