experiment_tag,time_to_reach_goal,path_length,cumulative_heading_changes,avg_distance_to_closest_person,minimum_distance_to_people,completed,minimum_distance_to_target,final_distance_to_target,robot_on_person_collision,person_on_robot_collision,time_not_moving,avg_robot_linear_speed,avg_robot_angular_speed,avg_robot_acceleration,avg_robot_jerk,avg_pedestrian_velocity,avg_closest_pedestrian_velocity
4_0,30.657709442999995,14.425007444583017,1.0891364185728616,1.784507521127332,0.0,True,0.33389667142309243,0.33389667142309243,2,1,0.0,0.46710697108313604,0.036352616134992355,0.14130833015206934,0.514001751415584,0.9585194402354318,0.9782526456958264
4_1,31.53940393300001,14.44435930649733,2.491507995165246,3.594830917818088,0.0,True,0.3679272759312814,0.3679272759312814,2,5,0.5006254592539684,0.45384509685929164,0.09385505922845287,0.2605207833911405,1.112782564116442,1.097964330839785,1.0619857212180683
4_2,30.399965537999996,14.412446995321924,0.8839094329202206,1.5751591977516357,0.0,True,0.3559316588069748,0.3559316588069748,6,5,0.0,0.46986566730096163,0.02910699103180724,0.050805168013684184,0.17408395484349884,1.0882302410275835,1.040636210766573
4_3,31.55806700100001,14.441224563822432,1.2413748981019763,3.974397290984803,0.0,True,0.3699846698406619,0.3699846698406619,0,1,0.0,0.4627884897902085,0.04301169364775206,0.019216060434532622,0.025143134246982238,0.8500743439218738,0.9302185139563641
4_4,30.58808664500001,14.402270726285535,0.8423758781708015,1.764362215022811,0.0,True,0.33834641255224973,0.33834641255224973,0,3,0.0,0.4672121953958887,0.03419736659630237,0.057493973816153794,0.200513731095932,0.9692551981372782,0.9715696556843655
