experiment_tag,time_to_reach_goal,path_length,cumulative_heading_changes,avg_distance_to_closest_person,minimum_distance_to_people,completed,minimum_distance_to_target,final_distance_to_target,robot_on_person_collision,person_on_robot_collision,time_not_moving,avg_robot_linear_speed,avg_robot_angular_speed,avg_robot_acceleration,avg_robot_jerk,avg_pedestrian_velocity,avg_closest_pedestrian_velocity
6_0,23.807765082999996,11.0347845992815,1.535519128157269,1.1099602478654818,0.0,True,0.33574653998614545,0.33574653998614545,1,2,0.49599510589583323,0.4489855362263804,0.06613590600469905,0.4214651941996311,2.235728782912591,1.0137517899345072,0.9463677598641256
6_1,26.969560555,11.147935456641399,3.6447184636748817,0.18256714519041073,0.0,True,0.36002001716453835,0.36002001716453835,2,6,0.0,0.4128215703322368,0.14198028605599802,0.15017220910251008,0.4693277090045959,0.6954032409148283,0.6135750804851778
6_2,27.981895544000004,11.227142651408544,3.994299862463618,1.0306779051780852,0.0,False,0.4567345316999324,0.4567345316999324,1,10,0.0,0.4021854710770654,0.16220501558535536,0.3051026604167032,0.734740419170869,0.9814880914642586,0.8778298555238326
6_3,24.820010423,11.162588818872687,2.7942225007940866,0.819828087500329,0.0,True,0.2787682394146683,0.2787682394146683,1,4,0.49640020846,0.4346040315121178,0.12687974502159394,0.5095251974388435,8.323094530486614,0.7471226060073,0.8431486313783912
6_4,26.042411694000002,11.231856362281716,3.4395020133829997,0.5849502536028114,0.0,True,0.3099779996374379,0.31002561677604445,1,4,1.001631219,0.43112072969283494,0.14515720365860482,0.6967643210185758,2.0440826302907884,0.9415649529751168,0.8482624003616177
