experiment_tag,time_to_reach_goal,path_length,cumulative_heading_changes,avg_distance_to_closest_person,minimum_distance_to_people,completed,minimum_distance_to_target,final_distance_to_target,robot_on_person_collision,person_on_robot_collision,time_not_moving,avg_robot_linear_speed,avg_robot_angular_speed,avg_robot_acceleration,avg_robot_jerk,avg_pedestrian_velocity,avg_closest_pedestrian_velocity
8_0,31.10747698199999,14.399693981245244,1.4344583904161579,3.429580487692091,0.0,True,0.34745922376347976,0.34745922376347976,1,2,0.5017334997096773,0.4561406966721685,0.04599845938000488,0.09271584136885061,0.2520939445989057,1.0578022884502942,1.096407276872923
8_1,30.705462138,14.409436924042044,1.1939411487970153,3.1666499331035656,0.0,True,0.31804004177159384,0.31804004177159384,1,2,0.0,0.46275227965517396,0.04169709406103617,0.1757720833513245,0.6567200915908249,1.055506409682953,1.0201127914406676
8_2,31.039585761999998,14.383570658657455,0.9896309640701189,0.7872876529566785,0.0,True,0.34270334638905464,0.34270334638905464,1,2,0.0,0.4699252990038184,0.0382449357772945,0.07123212480666792,0.1735974771715149,0.7383994461154508,0.5766240578668315
8_3,34.12964982700001,14.630180273610137,2.8125903686267586,0.9106135030128533,0.0,True,0.3869868375941883,0.3869868375941883,4,1,0.5019066151029413,0.4233944407474808,0.09006848488184906,0.28380036658880575,0.9244529072367635,0.902509824383892,0.7454845905317339
8_4,34.539670981,14.662912532444716,3.2553570235270946,0.6476131360861184,0.0,True,0.4372792198881022,0.4372792198881022,2,3,0.5005749417536232,0.4183748685920305,0.1001795125897007,0.3003725789077306,0.9098373417132254,0.8679085336823927,0.7279952762880253
