requirement,dtw
distance,22.066548472421218
jerk,17.690173162539608
reach,21.55885298621451
