requirement,algorithm,time_to_reach_goal,path_length,cumulative_heading_changes,avg_distance_to_closest_person,minimum_distance_to_people,minimum_distance_to_target,final_distance_to_target,robot_on_person_collision,person_on_robot_collision,time_not_moving,avg_robot_linear_speed,avg_robot_angular_speed,avg_robot_acceleration,avg_robot_jerk,avg_pedestrian_velocity,avg_closest_pedestrian_velocity
jerk,jerk,3.9304112732127785,2.243469361481543,1.0734899390066854,0.9856151219365027,0.0,0.4873127753854013,0.5003833483705821,1.429694668674953,2.5169137025590995,1.1535056056888287,0.03595794464466005,0.050618626284529546,0.18515556195669325,2.7229183346912023,0.13005097023989268,0.18567258874290565
distance,distance,3.87243065917103,2.125858353921773,1.2623388796136525,1.1256033024993815,0.0,0.24216399931084376,0.2557145770982767,7.528190123292482,3.356545576972079,0.28669647228873735,0.027497280989482425,0.05768413927481567,0.19022898972433575,2.569426118845029,0.20263079539586706,0.2148532648866665
reach,reach,4.455669563306041,2.203470175453072,0.8447179937939487,0.9275330884374853,0.20534151513865653,0.11882901376221748,0.15474588471903855,2.61330274373733,3.345577066223444,0.270003852034898,0.025492781096755318,0.0370057996883844,0.14397166658726063,0.6139940098280678,0.1438994756749265,0.14131986031915497
