experiment_tag,time_to_reach_goal,path_length,cumulative_heading_changes,avg_distance_to_closest_person,minimum_distance_to_people,completed,minimum_distance_to_target,final_distance_to_target,robot_on_person_collision,person_on_robot_collision,time_not_moving,avg_robot_linear_speed,avg_robot_angular_speed,avg_robot_acceleration,avg_robot_jerk,avg_pedestrian_velocity,avg_closest_pedestrian_velocity
8_0,25.208054835000006,11.105612811971096,3.0476179736360303,1.5473704316018633,0.0,True,0.3393235625121926,0.3393235625121926,0,3,0.0,0.4380997573125709,0.13967145892737526,0.2242913580878772,0.7255664906756357,1.0501202972839838,1.0179855719128588
8_1,24.549144513,11.138146467555734,2.1098452937388537,0.4776588032751301,0.0,True,0.34295529100225297,0.34295529100225297,1,6,0.0,0.45052770783291407,0.09413249881572826,0.7660025766520809,2.182329819971174,1.0716970069063878,0.8927584490460155
8_2,24.008275517,11.03269982740307,1.6529415888887962,0.9799933920541241,0.0,True,0.35558597053311763,0.35558597053311763,1,6,0.0,0.4524724425693662,0.08506383165044604,0.15129158089320596,0.5300867675014661,0.9895872649773266,1.0573233736603693
8_3,24.099175577999997,11.052862597157894,2.5074873326353666,0.8915108580685734,0.0,True,0.33783890114516596,0.33783890114516596,0,10,0.0,0.45811361610970497,0.12251361960354529,0.26107657968314696,0.9052165295803035,1.167159720993787,1.0478083761677877
8_4,25.557515346000006,11.257020602237166,3.4259679627192696,1.6305742789483328,0.0,True,0.23036563985283187,0.0,0,4,0.0,0.44623647321696513,0.1514214177128957,0.25115146658607485,0.649689753793893,1.0245026903091738,1.011375856020474
