experiment_tag,time_to_reach_goal,path_length,cumulative_heading_changes,avg_distance_to_closest_person,minimum_distance_to_people,completed,minimum_distance_to_target,final_distance_to_target,robot_on_person_collision,person_on_robot_collision,time_not_moving,avg_robot_linear_speed,avg_robot_angular_speed,avg_robot_acceleration,avg_robot_jerk,avg_pedestrian_velocity,avg_closest_pedestrian_velocity
8_0,21.58043631100001,8.551280810625848,3.223334911793389,1.2275175597206887,0.0,True,0.351199223321974,0.35153302538459275,0,1,0.0,0.385484792890496,0.1590677269747055,0.6771374533841844,2.589628613151406,1.1230576154586005,1.101074680298317
8_1,20.070142311999998,8.456216861481407,1.8560163523225794,1.8052831981255384,0.0,True,0.31297226808415124,0.3133178338738813,3,0,0.0,0.41064627828044376,0.09667880196468834,0.3934889510534276,1.4882089504403933,0.0,0.0
8_2,20.989920333000004,8.537589502642282,2.73507741483735,0.5279634558006203,0.0,True,0.3609225013511712,0.3609225013511712,2,7,0.0,0.4068370893438212,0.14581062699951625,0.2218019522085626,0.8127244749253991,1.1585510610521026,1.0663868363480453
8_3,22.542181021999994,8.77055151555642,4.199843266983035,1.9037871544633937,0.0,True,0.2702485589422461,0.2710145668813034,0,1,0.5009373560444443,0.38205396595956886,0.18688715229123218,0.24137230970355686,0.7491026218351404,0.9157952402777828,0.978363065553086
8_4,22.452012832999998,8.836638020491376,4.1454366129957965,1.8921622420439548,0.0,True,0.2737191841129172,0.27476368085785935,0,0,0.0,0.3843572699877726,0.19756470909936863,0.19229148196644216,0.5478930694025809,0.8531115844434778,0.8943797918508045
