experiment_tag,time_to_reach_goal,path_length,cumulative_heading_changes,avg_distance_to_closest_person,minimum_distance_to_people,completed,minimum_distance_to_target,final_distance_to_target,robot_on_person_collision,person_on_robot_collision,time_not_moving,avg_robot_linear_speed,avg_robot_angular_speed,avg_robot_acceleration,avg_robot_jerk,avg_pedestrian_velocity,avg_closest_pedestrian_velocity
1_0,31.360416676999993,14.415072545651837,1.1205491547399422,1.2598376949962535,0.0,True,0.3421015721870115,0.3421015721870115,14,0,0.0,0.46433067195226246,0.036014261405463155,0.03585125864150464,0.10492015481325125,1.0227050219836602,0.935741091495017
1_1,31.120072177999994,14.488169257605778,1.9040161589272557,0.9520703449635063,0.0,True,0.3918098078075713,0.3918098078075713,1,0,0.501936648032258,0.4589656302848444,0.06253568727103802,0.0631715546358231,0.11758171770045588,0.7959973061028999,0.6478672767775001
1_2,31.088586365000005,14.424810748201027,1.2146220881842535,3.915806448896622,0.0,True,0.36850530556429717,0.36850530556429717,0,3,0.5014288123387097,0.4604234804662731,0.04264494176234776,0.07172322722059374,0.23919500758508866,1.0948357328936886,1.129451960079517
1_3,33.969951472,14.668184712947642,2.189126985568944,1.8666699384659615,0.0,True,0.35696269745903,0.35696269745903,0,3,0.0,0.4376688886842418,0.06833731492991453,0.36991856508979537,1.2681936542512435,0.8253205356808547,0.609464240664159
1_4,31.506291048000005,14.419765135439395,1.0326626059430835,2.5442591419289853,0.0,True,0.3727467939427104,0.3727467939427104,0,3,0.500099857904762,0.4601153971360065,0.035831186286464305,0.18632501619074718,0.8033993369564493,1.0902015668716765,1.0959524266978198
