experiment_tag,time_to_reach_goal,path_length,cumulative_heading_changes,avg_distance_to_closest_person,minimum_distance_to_people,completed,minimum_distance_to_target,final_distance_to_target,robot_on_person_collision,person_on_robot_collision,time_not_moving,avg_robot_linear_speed,avg_robot_angular_speed,avg_robot_acceleration,avg_robot_jerk,avg_pedestrian_velocity,avg_closest_pedestrian_velocity
3_0,20.037734711,8.573613664589493,3.197490910787013,1.641537075352506,0.0,True,0.41050009339048577,0.41050009339048577,0,2,0.0,0.42104460108572583,0.1961518457781639,0.38901854911006367,1.3144276631179466,1.1219521303814908,1.1080087731635795
3_1,20.881094447999995,8.512465466020862,1.6064184735492226,4.266564324424158,1.6928082283276735,True,0.2591881043600574,0.2596144963628072,0,0,0.49716891542857133,0.4039391266083357,0.08485117713572705,0.11238114729622294,0.34571377915856133,0.7257243753268161,0.6281874601242186
3_2,21.107246162999996,8.527613793772959,1.6655407240431592,4.925233159696643,1.7000001353122163,True,0.29741878102706654,0.29789218260694883,0,0,0.5025534800714284,0.40393525173159434,0.08056071477582613,0.16568131054519009,0.4736074311983891,0.7396487247035306,0.4112041636999599
3_3,19.256502041,8.684703825931816,4.075913880754225,1.2178425511056954,0.0,True,0.43486205973006525,0.43486205973006525,0,2,0.0,0.4388155716558405,0.2314142746373029,0.1012542912585596,0.10147316425364952,1.0451982791739256,0.8794562136871873
3_4,21.039862115000005,8.521363758987313,1.735584833101567,4.238111922510452,1.6760014372499241,True,0.31096812943563634,0.31137221459714903,0,0,0.5009490979761906,0.40393842641263894,0.08457436490213686,0.14047768064445482,0.3994412055658157,0.712534191258908,0.5974783002129915
