experiment_tag,time_to_reach_goal,path_length,cumulative_heading_changes,avg_distance_to_closest_person,minimum_distance_to_people,completed,minimum_distance_to_target,final_distance_to_target,robot_on_person_collision,person_on_robot_collision,time_not_moving,avg_robot_linear_speed,avg_robot_angular_speed,avg_robot_acceleration,avg_robot_jerk,avg_pedestrian_velocity,avg_closest_pedestrian_velocity
8_0,23.59878598600001,11.006048968361878,1.1376232260405619,2.2676960883171486,0.0,True,0.3698628106242674,0.3698628106242674,1,1,0.5021018294893619,0.4603891879811604,0.049148440979879034,0.4607100778592909,1.08890709633532,0.8311790045796236,0.8853028531651005
8_1,23.65782580100001,11.120944172448311,1.8376514398723205,1.7902679375842607,0.0,True,0.3146931147815421,0.3146931147815421,0,4,0.0,0.4649138750560184,0.08507311128698164,0.039507654435525015,0.054375066988640364,1.1748115838112947,1.1242257510055027
8_2,23.530176920000002,11.090534856936635,1.5364977386335892,0.7858701035819923,0.0,True,0.36910628467787293,0.36910628467787293,1,0,0.0,0.46422838680823714,0.07414691379332089,0.08002357729914959,0.24274155853650492,0.9830374897725108,0.9459015821732573
8_3,23.608266858,11.023857946289146,1.2501041319786315,3.2351499380958875,0.0,True,0.3553294825604764,0.3553294825604764,0,2,0.5023035501702128,0.4583348248002481,0.048536266161038705,0.1330632800549644,0.48148316129553653,0.5945634856780564,0.8086659535168571
8_4,23.487737284,11.036940427618436,1.079692884826454,1.407414774771576,0.0,True,0.32087904278200446,0.32087904278200446,2,2,0.0,0.459021069224202,0.047464950978318356,0.06985632683019492,0.21530159448287253,1.0708546270346542,1.0658855619848315
