experiment_tag,time_to_reach_goal,path_length,cumulative_heading_changes,avg_distance_to_closest_person,minimum_distance_to_people,completed,minimum_distance_to_target,final_distance_to_target,robot_on_person_collision,person_on_robot_collision,time_not_moving,avg_robot_linear_speed,avg_robot_angular_speed,avg_robot_acceleration,avg_robot_jerk,avg_pedestrian_velocity,avg_closest_pedestrian_velocity
1_0,30.989772802999997,14.306047908517316,0.3312297282451353,1.5674854611533335,0.0,True,0.3596335190809414,0.3596335190809414,18,2,0.0,0.46825358430507474,0.011288541482048853,0.08836875912510096,0.3488825515187464,0.6787608004715949,0.7479578895956416
1_1,30.188292597000007,14.332763451090564,0.3908750534109462,2.264260701563467,0.0,True,0.3204947644243473,0.3204947644243473,9,1,0.0,0.4693687071539728,0.015326153220205236,0.08036646189516335,0.31337929663720293,0.6411196115563692,0.5551910466487634
1_2,30.98920632,14.323953912457275,0.40678020437668794,1.4083855606220244,0.0,True,0.33352652264856436,0.33352652264856436,17,0,0.4998259083870968,0.4670014370379333,0.012962341288176159,0.0054729829197959845,0.013021685443223062,0.724780538432143,0.7895573404142785
1_3,30.378862590000004,14.297799911632122,0.3387128278211873,2.122104906295524,0.0,True,0.331056802559326,0.331056802559326,10,0,0.5063143765000001,0.469263362089965,0.012954403253161816,0.3159647960666526,0.8492850661589306,0.7045182221914046,0.6061439207354765
1_4,30.455159970999997,14.305639544147212,0.29079676131801335,2.4039029615973613,0.0,True,0.3560408928394438,0.3560408928394438,11,0,0.499264917557377,0.46307409350059203,0.007857548697378562,0.27919776590774875,1.9336981888930407,0.6418934405124521,0.542823113915834
