experiment_tag,time_to_reach_goal,path_length,cumulative_heading_changes,avg_distance_to_closest_person,minimum_distance_to_people,completed,minimum_distance_to_target,final_distance_to_target,robot_on_person_collision,person_on_robot_collision,time_not_moving,avg_robot_linear_speed,avg_robot_angular_speed,avg_robot_acceleration,avg_robot_jerk,avg_pedestrian_velocity,avg_closest_pedestrian_velocity
2_0,19.709914218999998,8.435734519052062,1.789201781821253,3.5672400869728946,0.9732886678542712,True,0.329234879101686,0.32941472051632453,0,0,0.5053824158717948,0.42714244034590687,0.09488331425606482,0.12581985734161863,0.23937502282872503,1.0615688148792224,1.0686297794500492
2_1,20.660314800000005,8.492278106713615,2.0037661719032114,2.624396053134425,0.5500332020243082,True,0.28234228697783803,0.28287823786883926,0,0,0.0,0.40337544854813434,0.10415618497969271,0.12054776763429877,0.3742966945266679,0.6343528641751722,1.0270408351195215
2_2,19.759763863,8.451407542702619,1.782613446422943,2.3983147881967115,0.5716896229386828,True,0.30922131250331897,0.30943017100466436,0,0,0.0,0.41192292482956633,0.09285492210096863,0.09286764568891458,0.27483421648694556,1.053672665614982,1.086112449616073
2_3,20.090040227000003,8.449261236244597,1.8917440905509673,2.553551147003337,0.582845920444206,True,0.3816377301844584,0.38180737444542623,0,0,0.0,0.4269950646530766,0.09931647171398911,0.09691198326411872,0.27874681724211764,0.6617330388684382,1.0601273128119157
2_4,19.719754093000002,8.427727293385594,1.850239883693602,2.498742803046672,0.5676430206312688,True,0.35408257660006875,0.3542862356356757,0,0,0.0,0.4235335235752218,0.09713364895069279,0.1510839375339029,0.5115650244749281,0.9930863170141666,1.029468418505731
