experiment_tag,time_to_reach_goal,path_length,cumulative_heading_changes,avg_distance_to_closest_person,minimum_distance_to_people,completed,minimum_distance_to_target,final_distance_to_target,robot_on_person_collision,person_on_robot_collision,time_not_moving,avg_robot_linear_speed,avg_robot_angular_speed,avg_robot_acceleration,avg_robot_jerk,avg_pedestrian_velocity,avg_closest_pedestrian_velocity
7_0,19.907597769000002,8.470215194832086,1.8792379480677117,0.5933954122517969,0.0,True,0.32676479835362043,0.3270519149239906,0,0,0.0,0.40759764155619327,0.11142082113802873,0.06725584670988637,0.16358367825403314,0.8352896028766318,0.767567086635837
7_1,20.370039690000002,8.602290039342122,1.8295322042556803,1.2390497471921889,0.0,True,0.3093922095617683,0.3096300516596537,0,0,0.49683023634146345,0.4085311263397506,0.10127579508684947,0.14638969573753974,0.5092036295629686,1.085061246925823,1.0910343245276586
7_2,19.708621982000004,8.603672546642398,1.8227008517063932,0.9876306466245472,0.0,True,0.35579251558239416,0.35588616508493204,0,0,0.5053492815897437,0.42828139011822675,0.08693040371307151,0.12244613625120812,0.3694031537220657,0.8756832227852545,0.8903066270831477
7_3,20.589423709000005,8.422819128976885,2.376200987376118,0.4860278704163359,0.0,True,0.3481423059071428,0.3486535864165071,0,0,0.5021810660731708,0.39790235310414945,0.1263915715494209,0.05147957212163359,0.05687386946263095,1.0176328610692738,0.8595755599770084
7_4,19.780523380999995,8.490742822959295,2.3018689515741992,0.6065988029108971,0.0,True,0.3434556607038327,0.34368804894930877,1,0,0.49451308452499987,0.4119152653113766,0.1304495268014564,0.19313786580269196,1.2543600628704048,0.8697692615922757,0.7770934725011917
