experiment_tag,time_to_reach_goal,path_length,cumulative_heading_changes,avg_distance_to_closest_person,minimum_distance_to_people,completed,minimum_distance_to_target,final_distance_to_target,robot_on_person_collision,person_on_robot_collision,time_not_moving,avg_robot_linear_speed,avg_robot_angular_speed,avg_robot_acceleration,avg_robot_jerk,avg_pedestrian_velocity,avg_closest_pedestrian_velocity
0_0,23.320011753,9.11691507254974,4.305238978306275,2.2758903239499966,0.0,True,0.20221247275772758,0.0,0,2,0.4961704628297872,0.39328053837265947,0.20549741506256425,0.5710758089512787,3.1814857046494973,1.066833449757196,1.0969787190816782
0_1,23.230252476000004,8.587740782314812,2.564878913645119,0.49094150089337,0.0,True,0.2288548974812531,0.0,19,9,0.5050054886086958,0.3742115380991086,0.13365058856831258,0.12515347786245928,0.3504692325348471,1.0435030849668496,1.0544518884784855
0_2,19.620245695000005,8.577521899690428,2.058703806009526,0.7459423825832803,0.0,True,0.31737178547356193,0.3175449277900212,1,0,0.5030832229487181,0.4274765029663947,0.11855139244982286,0.39642144053072553,0.804162577297026,0.8054102154965046,0.6180861600836108
0_3,21.109954858000002,8.539089167240226,2.196534623817446,0.2511396583960566,0.0,True,0.24167513393598056,0.0,7,0,0.5026179728095238,0.3982952040007515,0.10598557606604585,0.09446402182299624,0.24571595462434376,0.8805772327050232,0.8419120680476229
0_4,21.106718489,8.993712228441854,3.3166242177678655,1.911529199310624,0.0,True,0.3379267612705985,0.33798828182018203,0,4,0.0,0.4265624130598013,0.17583526597180182,0.2507299790870167,0.7686132431821217,1.0196336104803667,1.0694140444031428
