experiment_tag,time_to_reach_goal,path_length,cumulative_heading_changes,avg_distance_to_closest_person,minimum_distance_to_people,completed,minimum_distance_to_target,final_distance_to_target,robot_on_person_collision,person_on_robot_collision,time_not_moving,avg_robot_linear_speed,avg_robot_angular_speed,avg_robot_acceleration,avg_robot_jerk,avg_pedestrian_velocity,avg_closest_pedestrian_velocity
0_0,23.707112901999995,10.915027028688167,0.8343512586144279,3.653929315437256,1.4393136865760336,True,0.3886768511449373,0.3886768511449373,0,0,0.5044066574893616,0.4555923625976384,0.03128685589397054,0.10990566843658132,0.26784315448881685,1.1452004424445068,1.184413761509909
0_1,25.088058615999998,11.040914224990473,0.8532498348131283,3.8099385318204733,1.4920957780712305,True,0.2751302750857233,0.2751302750857233,0,0,0.0,0.4406757647917621,0.04080566357041089,0.14124099249549707,0.5293895243801857,0.7374885417468429,1.0530516167385016
0_2,23.45770455,10.945537851191899,0.9223232986252876,3.571385099779524,1.433106434043772,True,0.37591298194152645,0.37591298194152645,0,0,0.49910009680851064,0.45449672620819404,0.038127317642488036,0.13477046261266715,0.49840902261101955,0.7849671455799939,0.9904194374476528
0_3,23.730684088,10.94591844095475,0.9012590138844194,3.7058495447322777,1.419389162700691,True,0.37371872116050836,0.37371872116050836,0,0,0.0,0.45972219776677126,0.042192222358777384,0.1930424369481688,0.7293030902840089,0.8444381956135624,1.1113947214637516
0_4,23.350002251999996,10.964502113806176,0.794989102552806,3.2979432165978504,1.2977734200083062,True,0.3525208103917973,0.3525208103917973,0,0,0.4968085585531914,0.4566882272017509,0.03511487585371239,0.2823019398645993,3.015661829925313,1.1335645250305422,1.08376196764407
