experiment_tag,time_to_reach_goal,path_length,cumulative_heading_changes,avg_distance_to_closest_person,minimum_distance_to_people,completed,minimum_distance_to_target,final_distance_to_target,robot_on_person_collision,person_on_robot_collision,time_not_moving,avg_robot_linear_speed,avg_robot_angular_speed,avg_robot_acceleration,avg_robot_jerk,avg_pedestrian_velocity,avg_closest_pedestrian_velocity
0_0,20.199267590999998,8.441043815753844,2.0954776439245593,0.6036771055300756,0.15050200350490184,True,0.2906522193002904,0.2909856821685342,0,0,0.5049816897749999,0.4144841518979807,0.10955301724218762,0.2865551973538325,1.0018290121107396,0.8001562824336994,0.6188351512013041
0_1,20.210057909,8.504912517455141,2.0095601174429496,0.7628159869025255,0.1505014038725393,True,0.3723441751172651,0.3725898972674256,0,0,0.0,0.4011735576594053,0.10039901813632353,0.041017382080769584,0.08779914192552919,0.847963174517492,0.6563846380764772
0_2,20.060213581000003,8.435172913131334,2.263038770295707,2.4224369737729465,0.15050140386475208,True,0.3410770473267092,0.34125092133455964,0,0,0.0,0.4209085818285646,0.12465483180686082,0.1384295609758815,0.3915214335014777,1.051358564721948,1.045960637625147
0_3,20.507297789999992,8.418975336764792,2.170516124831051,2.285662305976255,0.10258933604190301,True,0.3237078068983144,0.3239633204850402,0,0,0.5001779948780486,0.4091394304832524,0.11884740801297558,0.13147915141896988,0.3765166242319791,1.1195850641067042,1.162943231651622
0_4,20.270021493999998,8.382537507621873,2.2701792216690353,2.0000147480068025,0.15050140386475208,True,0.3596479897190658,0.3599711384433799,0,0,0.50675053735,0.406945360237574,0.13690883935674802,0.3786599907371589,1.3834594291412268,1.0836427466743475,1.058252399238771
